#id,best-individual
0,90
1,90
2,90
3,90
4,84
5,84
6,84
7,84
8,84
9,84
10,84
11,84
12,84
13,84
14,84
15,84
16,84
17,84
18,80
19,80
20,80
21,80
22,80
23,80
24,80
25,80
26,80
27,80
28,76
29,76
30,76
31,76
32,76
33,76
34,76
35,76
36,76
37,75
38,75
39,75
40,75
41,74
42,74
43,74
44,74
45,74
46,74
47,74
48,74
49,72
50,72
51,72
52,72
53,72
54,72
55,72
56,72
57,72
58,72
59,72
60,72
61,72
62,72
63,72
64,72
65,72
66,71
67,71
68,71
69,70
70,70
71,70
72,70
73,70
74,70
75,70
76,70
77,70
78,70
79,70
80,70
81,70
82,70
83,70
84,70
85,70
86,69
87,69
88,69
89,69
90,68
91,68
92,68
93,68
94,68
95,68
96,68
97,68
98,68
99,68
100,68
101,68
102,68
103,67
104,67
105,67
106,67
107,67
108,67
109,67
110,67
111,67
112,67
113,67
114,67
115,66
116,66
117,66
118,66
119,66
120,66
121,66
122,66
123,66
124,66
125,66
126,66
127,66
128,66
129,65
130,65
131,65
132,65
133,65
134,65
135,65
136,64
137,64
138,63
139,63
140,63
141,63
142,62
143,62
144,62
145,62
146,62
147,62
148,62
149,61
150,61
151,61
152,61
153,61
154,61
155,61
156,61
157,61
158,61
159,61
160,61
161,61
162,61
163,60
164,59
165,59
166,57
167,57
168,57
169,56
170,56
171,56
172,56
173,56
174,56
175,56
176,56
177,56
178,56
179,56
180,56
181,56
182,55
183,55
184,55
185,55
186,55
187,55
188,55
189,55
190,53
191,53
192,53
193,53
194,53
195,53
196,53
197,53
198,53
199,53
200,53
201,53
202,53
203,53
204,53
205,52
206,52
207,52
208,52
209,52
210,52
211,52
212,52
213,52
214,52
215,52
216,51
217,51
218,51
219,51
220,51
221,51
222,51
223,51
224,50
225,50
226,50
227,50
228,50
229,50
230,50
231,50
232,50
233,50
234,50
235,50
236,50
237,50
238,50
239,50
240,50
241,50
242,49
243,49
244,49
245,49
246,49
247,49
248,49
249,49
250,49
251,49
252,48
253,48
254,48
255,48
256,48
257,48
258,48
259,48
260,48
261,48
262,48
263,48
264,48
265,48
266,48
267,48
268,48
269,48
270,48
271,48
272,47
273,47
274,46
275,46
276,46
277,46
278,46
279,46
280,46
281,46
282,46
283,46
284,46
285,46
286,46
287,45
288,45
289,45
290,45
291,45
292,45
293,45
294,45
295,45
296,45
297,45
298,45
299,45
300,45
301,44
302,44
303,44
304,44
305,44
306,44
307,44
308,44
309,44
310,44
311,44
312,43
313,43
314,43
315,43
316,43
317,43
318,43
319,43
320,43
321,43
322,43
323,43
324,43
325,43
326,43
327,43
328,43
329,42
330,42
331,42
332,42
333,42
334,42
335,42
336,42
337,42
338,42
339,42
340,42
341,42
342,40
343,40
344,40
345,40
346,40
347,40
348,40
349,40
350,40
351,40
352,40
353,40
354,39
355,39
356,39
357,39
358,39
359,39
360,39
361,39
362,39
363,39
364,38
365,38
366,38
367,38
368,38
369,38
370,38
371,38
372,37
373,37
374,37
375,37
376,36
377,36
378,36
379,36
380,36
381,36
382,36
383,36
384,36
385,36
386,36
387,36
388,36
389,36
390,36
391,36
392,36
393,36
394,36
395,36
396,36
397,35
398,35
399,35
400,35
401,34
402,34
403,33
404,33
405,33
406,33
407,33
408,33
409,33
410,32
411,32
412,32
413,32
414,32
415,32
416,32
417,32
418,32
419,32
420,32
421,32
422,32
423,32
424,32
425,32
426,32
427,32
428,32
429,32
430,32
431,32
432,32
433,32
434,32
435,32
436,32
437,32
438,32
439,32
440,31
441,31
442,31
443,31
444,31
445,31
446,31
447,31
448,30
449,30
450,30
451,30
452,30
453,30
454,30
455,30
456,30
457,30
458,30
459,30
460,30
461,30
462,30
463,30
464,30
465,30
466,30
467,30
468,30
469,30
470,30
471,30
472,30
473,30
474,30
475,30
476,30
477,30
478,30
479,30
480,30
481,30
482,30
483,30
484,30
485,30
486,30
487,30
488,30
489,30
490,30
491,29
492,29
493,29
494,29
495,29
496,29
497,29
498,28
499,28
500,28
501,28
502,28
503,28
504,28
505,28
506,28
507,28
508,28
509,28
510,28
511,28
512,28
513,28
514,28
515,28
516,28
517,28
518,28
519,28
520,28
521,28
522,28
523,28
524,28
525,28
526,27
527,27
528,27
529,27
530,27
531,27
532,27
533,27
534,27
535,27
536,27
537,27
538,27
539,27
540,27
541,27
542,27
543,24
544,24
545,24
546,24
547,24
548,24
549,24
550,24
551,24
552,24
553,24
554,24
555,24
556,24
557,24
558,24
559,24
560,24
561,24
562,24
563,24
564,24
565,24
566,24
567,24
568,24
569,24
570,24
571,24
572,24
573,24
574,24
575,24
576,24
577,24
578,24
579,24
580,24
581,24
582,24
583,24
584,24
585,24
586,24
587,24
588,24
589,24
590,24
591,23
592,23
593,23
594,23
595,23
596,22
597,22
598,22
599,22
600,22
601,22
602,22
603,22
604,22
605,22
606,22
607,22
608,22
609,22
610,22
611,22
612,22
613,22
614,22
615,22
616,22
617,22
618,22
619,22
620,21
621,21
622,21
623,21
624,21
625,21
626,21
627,21
628,21
629,21
630,21
631,21
632,21
633,21
634,21
635,21
636,21
637,21
638,21
639,21
640,21
641,21
642,21
643,21
644,21
645,21
646,21
647,21
648,21
649,21
650,21
651,21
652,21
653,21
654,21
655,21
656,21
657,21
658,20
659,20
660,20
661,20
662,20
663,20
664,20
665,20
666,20
667,20
668,20
669,20
670,20
671,20
672,20
673,20
674,20
675,20
676,20
677,20
678,20
679,20
680,20
681,20
682,20
683,20
684,20
685,20
686,20
687,20
688,20
689,20
690,20
691,19
692,19
693,19
694,19
695,19
696,19
697,19
698,19
699,19
700,19
701,19
702,19
703,18
704,18
705,18
706,18
707,18
708,18
709,18
710,18
711,18
712,18
713,18
714,18
715,18
716,18
717,18
718,18
719,18
720,18
721,18
722,18
723,18
724,18
725,18
726,18
727,18
728,18
729,18
730,18
731,18
732,18
733,18
734,18
735,18
736,18
737,18
738,18
739,18
740,18
741,18
742,18
743,18
744,18
745,18
746,18
747,18
748,18
749,18
750,18
751,18
752,18
753,18
754,18
755,18
756,18
757,18
758,18
759,18
760,18
761,18
762,18
763,18
764,18
765,18
766,18
767,18
768,18
769,18
770,18
771,18
772,18
773,18
774,18
775,18
776,18
777,18
778,18
779,18
780,18
781,18
782,18
783,18
784,18
785,18
786,18
787,18
788,18
789,18
790,18
791,18
792,18
793,18
794,18
795,18
796,18
797,18
798,18
799,18
800,18
801,18
802,18
803,17
804,17
805,17
806,17
807,17
808,17
809,17
810,17
811,17
812,17
813,17
814,17
815,17
816,17
817,17
818,17
819,17
820,17
821,17
822,17
823,17
824,17
825,17
826,17
827,17
828,17
829,17
830,17
831,17
832,17
833,17
834,17
835,17
836,17
837,17
838,17
839,17
840,17
841,17
842,17
843,17
844,17
845,17
846,17
847,17
848,17
849,17
850,17
851,17
852,17
853,17
854,17
855,17
856,17
857,17
858,17
859,17
860,17
861,17
862,17
863,17
864,17
865,17
866,17
867,17
868,17
869,17
870,17
871,17
872,17
873,17
874,17
875,17
876,17
877,17
878,17
879,17
880,17
881,17
882,17
883,17
884,17
885,17
886,17
887,17
888,17
889,17
890,17
891,17
892,17
893,17
894,17
895,17
896,17
897,17
898,17
899,17
900,17
901,17
902,17
903,17
904,17
905,17
906,17
907,17
908,17
909,17
910,17
911,17
912,17
913,17
914,17
915,17
916,17
917,17
918,17
919,17
920,17
921,17
922,17
923,17
924,17
925,17
926,17
927,17
928,17
929,17
930,17
931,17
932,17
933,17
934,17
935,17
936,17
937,17
938,17
939,17
940,17
941,17
942,17
943,17
944,17
945,16
946,16
947,16
948,16
949,16
950,16
951,16
952,16
953,16
954,16
955,16
956,16
957,16
958,16
959,16
960,16
961,16
962,16
963,16
964,16
965,16
966,16
967,16
968,16
969,16
970,16
971,16
972,16
973,16
974,16
975,16
976,16
977,16
978,16
979,16
980,16
981,16
982,16
983,16
984,16
985,16
986,16
987,16
988,16
989,16
990,16
991,16
992,16
993,16
994,16
995,16
996,16
997,16
998,16
999,16
1000,16
1001,16
1002,16
1003,16
1004,16
1005,16
1006,16
1007,16
1008,16
1009,16
1010,16
1011,16
1012,16
1013,16
1014,16
1015,16
1016,16
1017,16
1018,16
1019,16
1020,16
1021,16
1022,16
1023,16
1024,16
1025,16
1026,16
1027,16
1028,16
1029,16
1030,16
1031,16
1032,16
1033,16
1034,16
1035,16
1036,16
1037,16
1038,16
1039,16
1040,16
1041,16
1042,16
1043,16
1044,16
1045,16
1046,16
1047,16
1048,16
1049,16
1050,16
1051,16
1052,16
1053,16
1054,16
1055,16
1056,16
1057,16
1058,16
1059,16
1060,16
1061,16
1062,16
1063,16
1064,16
1065,16
1066,16
1067,16
1068,16
1069,16
1070,16
1071,16
1072,16
1073,16
1074,16
1075,16
1076,16
1077,16
1078,16
1079,16
1080,16
1081,16
1082,16
1083,16
1084,16
1085,16
1086,16
1087,16
1088,16
1089,16
1090,16
1091,16
1092,16
1093,16
1094,16
1095,16
1096,16
1097,16
1098,16
1099,16
1100,16
1101,16
1102,16
1103,16
1104,16
1105,16
1106,16
1107,16
1108,16
1109,16
1110,16
1111,16
1112,16
1113,16
1114,16
1115,16
1116,16
1117,16
1118,16
1119,16
1120,16
1121,16
1122,16
1123,16
1124,16
1125,16
1126,16
1127,16
1128,16
1129,16
1130,16
1131,16
1132,16
1133,16
1134,16
1135,16
1136,16
1137,16
1138,16
1139,16
1140,16
1141,16
1142,16
1143,16
1144,16
1145,16
1146,16
1147,16
1148,16
1149,16
1150,16
1151,16
1152,16
1153,16
1154,16
1155,16
1156,16
1157,16
1158,16
1159,16
1160,16
1161,16
1162,16
1163,16
1164,16
1165,16
1166,16
1167,16
1168,16
1169,16
1170,16
1171,16
1172,16
1173,16
1174,16
1175,16
1176,16
1177,16
1178,16
1179,16
1180,16
1181,16
1182,16
1183,16
1184,16
1185,16
1186,16
1187,16
1188,16
1189,16
1190,16
1191,16
1192,16
1193,16
1194,16
1195,16
1196,16
1197,16
1198,16
1199,16
1200,16
1201,16
1202,16
1203,16
1204,16
1205,16
1206,16
1207,16
1208,15
1209,15
1210,15
1211,15
1212,15
1213,15
1214,15
1215,15
1216,15
1217,15
1218,15
1219,15
1220,15
1221,15
1222,15
1223,15
1224,15
1225,15
1226,15
1227,15
1228,15
1229,15
1230,15
1231,15
1232,15
1233,15
1234,15
1235,15
1236,15
1237,15
1238,15
1239,15
1240,15
1241,15
1242,15
1243,15
1244,15
1245,15
1246,15
1247,15
1248,15
1249,15
1250,15
1251,15
1252,15
1253,15
1254,15
1255,15
1256,15
1257,15
1258,15
1259,15
1260,15
1261,15
1262,15
1263,15
1264,15
1265,15
1266,15
1267,15
1268,15
1269,15
1270,15
1271,15
1272,15
1273,15
1274,15
1275,15
1276,15
1277,15
1278,15
1279,15
1280,15
1281,15
1282,15
1283,15
1284,15
1285,15
1286,15
1287,15
1288,15
1289,15
1290,15
1291,15
1292,15
1293,15
1294,15
1295,15
1296,15
1297,15
1298,15
1299,15
1300,15
1301,15
1302,15
1303,15
1304,15
1305,15
1306,15
1307,15
1308,15
1309,15
1310,15
1311,15
1312,15
1313,15
1314,15
1315,15
1316,15
1317,15
1318,15
1319,15
1320,15
1321,15
1322,15
1323,15
1324,15
1325,15
1326,15
1327,15
1328,15
1329,15
1330,15
1331,15
1332,15
1333,15
1334,15
1335,15
1336,15
1337,15
1338,15
1339,15
1340,15
1341,15
1342,15
1343,15
1344,15
1345,15
1346,15
1347,15
1348,15
1349,15
1350,15
1351,15
1352,15
1353,15
1354,15
1355,15
1356,15
1357,15
1358,15
1359,15
1360,15
1361,15
1362,15
1363,15
1364,15
1365,15
1366,15
1367,15
1368,15
1369,15
1370,15
1371,15
1372,15
1373,15
1374,15
1375,15
1376,15
1377,15
1378,15
1379,15
1380,15
1381,15
1382,15
1383,15
1384,15
1385,15
1386,15
1387,15
1388,15
1389,15
1390,15
1391,15
1392,15
1393,15
1394,15
1395,15
1396,15
1397,15
1398,15
1399,15
1400,15
1401,15
1402,15
1403,15
1404,15
1405,15
1406,15
1407,15
1408,15
1409,15
1410,15
1411,15
1412,15
1413,15
1414,15
1415,15
1416,15
1417,15
1418,15
1419,15
1420,15
1421,15
1422,15
1423,15
1424,15
1425,15
1426,15
1427,15
1428,15
1429,15
1430,15
1431,15
1432,15
1433,15
1434,15
1435,15
1436,15
1437,15
1438,15
1439,15
1440,15
1441,15
1442,15
1443,15
1444,15
1445,15
1446,15
1447,15
1448,15
1449,15
1450,15
1451,15
1452,15
1453,15
1454,15
1455,15
1456,15
1457,15
1458,15
1459,15
1460,15
1461,15
1462,15
1463,15
1464,15
1465,15
1466,15
1467,15
1468,15
1469,15
1470,15
1471,15
1472,15
1473,15
1474,15
1475,15
1476,15
1477,15
1478,15
1479,15
1480,15
1481,15
1482,15
1483,15
1484,15
1485,15
1486,15
1487,15
1488,14
1489,14
1490,14
1491,14
1492,14
1493,14
1494,14
1495,14
1496,14
1497,14
1498,14
1499,14
1500,14
1501,14
1502,14
1503,14
1504,14
1505,14
1506,14
1507,14
1508,14
1509,14
1510,14
1511,14
1512,14
1513,14
1514,14
1515,14
1516,14
1517,14
1518,14
1519,14
1520,14
1521,14
1522,14
1523,14
1524,14
1525,14
1526,14
1527,14
1528,14
1529,14
1530,14
1531,14
1532,14
1533,14
1534,14
1535,14
1536,14
1537,14
1538,14
1539,14
1540,14
1541,14
1542,14
1543,14
1544,14
1545,14
1546,14
1547,14
1548,14
1549,14
1550,14
1551,14
1552,14
1553,14
1554,14
1555,14
1556,14
1557,14
1558,14
1559,14
1560,14
1561,14
1562,14
1563,14
1564,14
1565,14
1566,14
1567,14
1568,14
1569,14
1570,14
1571,14
1572,14
1573,14
1574,14
1575,14
1576,14
1577,14
1578,14
1579,14
1580,14
1581,14
1582,14
1583,14
1584,14
1585,14
1586,14
1587,14
1588,14
1589,14
1590,14
1591,14
1592,14
1593,14
1594,14
1595,14
1596,14
1597,14
1598,14
1599,14
1600,14
1601,14
1602,14
1603,14
1604,14
1605,14
1606,14
1607,14
1608,14
1609,14
1610,14
1611,14
1612,14
1613,14
1614,14
1615,14
1616,14
1617,14
1618,14
1619,14
1620,14
1621,14
1622,14
1623,14
1624,14
1625,14
1626,14
1627,14
1628,14
1629,14
1630,14
1631,14
1632,14
1633,14
1634,14
1635,14
1636,14
1637,14
1638,14
1639,14
1640,14
1641,14
1642,14
1643,14
1644,14
1645,14
1646,14
1647,14
1648,14
1649,14
1650,14
1651,14
1652,14
1653,14
1654,14
1655,14
1656,14
1657,14
1658,14
1659,14
1660,14
1661,14
1662,14
1663,14
1664,14
1665,14
1666,14
1667,14
1668,14
1669,14
1670,14
1671,14
1672,14
1673,14
1674,14
1675,14
1676,14
1677,14
1678,14
1679,14
1680,14
1681,14
1682,14
1683,14
1684,14
1685,14
1686,14
1687,14
1688,14
1689,14
1690,14
1691,14
1692,14
1693,14
1694,14
1695,14
1696,14
1697,14
1698,14
1699,14
1700,14
1701,14
1702,14
1703,14
1704,14
1705,14
1706,14
1707,14
1708,14
1709,14
1710,14
1711,14
1712,14
1713,14
1714,14
1715,14
1716,14
1717,14
1718,14
1719,14
1720,14
1721,14
1722,14
1723,14
1724,14
1725,14
1726,14
1727,14
1728,14
1729,14
1730,14
1731,14
1732,14
1733,14
1734,14
1735,14
1736,14
1737,14
1738,14
1739,14
1740,14
1741,14
1742,14
1743,14
1744,14
1745,14
1746,14
1747,14
1748,14
1749,14
1750,14
1751,14
1752,14
1753,14
1754,14
1755,14
1756,14
1757,14
1758,14
1759,14
1760,14
1761,14
1762,14
1763,14
1764,14
1765,14
1766,14
1767,14
1768,14
1769,14
1770,14
1771,14
1772,14
1773,14
1774,14
1775,14
1776,14
1777,14
1778,14
1779,14
1780,14
1781,14
1782,14
1783,14
1784,14
1785,14
1786,14
1787,14
1788,14
1789,14
1790,14
1791,14
1792,14
1793,14
1794,14
1795,14
1796,14
1797,14
1798,14
1799,14
1800,14
1801,14
1802,14
1803,14
1804,14
1805,14
1806,14
1807,14
1808,14
1809,14
1810,14
1811,14
1812,14
1813,14
1814,14
1815,14
1816,14
1817,14
1818,14
1819,14
1820,14
1821,14
1822,14
1823,14
1824,14
1825,14
1826,14
1827,14
1828,14
1829,14
1830,14
1831,14
1832,14
1833,14
1834,14
1835,14
1836,14
1837,14
1838,14
1839,14
1840,14
1841,14
1842,14
1843,14
1844,14
1845,14
1846,14
1847,14
1848,14
1849,14
1850,14
1851,14
1852,14
1853,14
1854,14
1855,14
1856,14
1857,14
1858,14
1859,14
1860,14
1861,14
1862,14
1863,14
1864,14
1865,14
1866,14
1867,14
1868,14
1869,14
1870,14
1871,14
1872,14
1873,14
1874,14
1875,14
1876,14
1877,14
1878,14
1879,14
1880,14
1881,14
1882,14
1883,14
1884,14
1885,14
1886,14
1887,14
1888,14
1889,14
1890,14
1891,14
1892,14
1893,14
1894,14
1895,14
1896,14
1897,14
1898,14
1899,14
1900,14
1901,14
1902,14
1903,14
1904,14
1905,14
1906,14
1907,14
1908,14
1909,14
1910,14
1911,14
1912,14
1913,14
1914,14
1915,14
1916,14
1917,14
1918,14
1919,14
1920,14
1921,14
1922,14
1923,14
1924,14
1925,14
1926,14
1927,14
1928,14
1929,14
1930,14
1931,14
1932,14
1933,14
1934,14
1935,14
1936,14
1937,14
1938,14
1939,14
1940,14
1941,14
1942,14
1943,14
1944,14
1945,14
1946,14
1947,14
1948,14
1949,14
1950,14
1951,14
1952,14
1953,14
1954,14
1955,14
1956,14
1957,14
1958,14
1959,14
1960,14
1961,14
1962,14
1963,14
1964,14
1965,14
1966,14
1967,14
1968,14
1969,14
1970,14
1971,14
1972,14
1973,14
1974,14
1975,14
1976,14
1977,14
1978,14
1979,14
1980,14
1981,14
1982,14
1983,14
1984,14
1985,14
1986,14
1987,14
1988,14
1989,14
1990,14
1991,14
1992,14
1993,14
1994,14
1995,14
1996,14
1997,14
1998,14
1999,14
2000,14
2001,14
2002,14
2003,14
2004,14
2005,14
2006,14
2007,14
2008,14
2009,14
2010,14
2011,14
2012,14
2013,14
2014,14
2015,14
2016,14
2017,14
2018,14
2019,14
2020,14
2021,14
2022,14
2023,14
2024,14
2025,14
2026,14
2027,14
2028,14
2029,14
2030,14
2031,14
2032,14
2033,14
2034,14
2035,14
2036,14
2037,14
2038,14
2039,14
2040,14
2041,14
2042,14
2043,14
2044,14
2045,14
2046,14
2047,14
2048,14
2049,14
2050,14
2051,14
2052,14
2053,14
2054,14
2055,14
2056,14
2057,14
2058,14
2059,14
2060,14
2061,14
2062,14
2063,14
2064,14
2065,14
2066,14
2067,14
2068,14
2069,14
2070,14
2071,14
2072,14
2073,14
2074,14
2075,14
2076,14
2077,14
2078,14
2079,14
2080,14
2081,14
2082,14
2083,14
2084,14
2085,14
2086,14
2087,14
2088,14
2089,14
2090,14
2091,14
2092,14
2093,14
2094,14
2095,14
2096,14
2097,14
2098,14
2099,14
2100,14
2101,14
2102,14
2103,14
2104,14
2105,14
2106,14
2107,14
2108,14
2109,14
2110,14
2111,14
2112,14
2113,14
2114,14
2115,14
2116,14
2117,14
2118,14
2119,14
2120,14
2121,14
2122,14
2123,14
2124,14
2125,14
2126,14
2127,14
2128,14
2129,14
2130,14
2131,14
2132,14
2133,14
2134,14
2135,14
2136,14
2137,14
2138,14
2139,14
2140,14
2141,14
2142,14
2143,14
2144,14
2145,14
2146,14
2147,14
2148,14
2149,14
2150,14
2151,14
2152,14
2153,14
2154,14
2155,14
2156,14
2157,14
2158,14
2159,14
2160,14
2161,14
2162,14
2163,14
2164,14
2165,14
2166,14
2167,14
2168,14
2169,14
2170,14
2171,14
2172,14
2173,14
2174,14
2175,14
2176,14
2177,14
2178,14
2179,14
2180,14
2181,14
2182,14
2183,14
2184,14
2185,14
2186,14
2187,14
2188,14
2189,14
2190,14
2191,14
2192,14
2193,14
2194,14
2195,14
2196,14
2197,14
2198,14
2199,14
2200,14
2201,14
2202,14
2203,14
2204,14
2205,14
2206,14
2207,14
2208,14
2209,14
2210,14
2211,14
2212,14
2213,14
2214,14
2215,14
2216,14
2217,14
2218,14
2219,14
2220,14
2221,14
2222,14
2223,14
2224,14
2225,14
2226,14
2227,14
2228,14
2229,14
2230,14
2231,14
2232,14
2233,14
2234,14
2235,14
2236,14
2237,14
2238,14
2239,14
2240,14
2241,14
2242,14
2243,14
2244,14
2245,14
2246,14
2247,14
2248,14
2249,14
2250,14
2251,14
2252,14
2253,14
2254,13
2255,13
2256,13
2257,13
2258,13
2259,13
2260,13
2261,13
2262,13
2263,13
2264,13
2265,13
2266,13
2267,13
2268,13
2269,13
2270,13
2271,13
2272,13
2273,13
2274,13
2275,13
2276,13
2277,13
2278,13
2279,13
2280,13
2281,13
2282,13
2283,13
2284,13
2285,13
2286,13
2287,13
2288,13
2289,13
2290,13
2291,13
2292,13
2293,13
2294,13
2295,13
2296,13
2297,13
2298,13
2299,13
2300,13
2301,13
2302,13
2303,13
2304,13
2305,13
2306,13
2307,13
2308,13
2309,13
2310,13
2311,13
2312,13
2313,13
2314,13
2315,13
2316,13
2317,13
2318,13
2319,13
2320,13
2321,13
2322,13
2323,13
2324,13
2325,13
2326,13
2327,13
2328,13
2329,13
2330,13
2331,13
2332,13
2333,13
2334,13
2335,13
2336,13
2337,13
2338,13
2339,13
2340,13
2341,13
2342,13
2343,13
2344,13
2345,13
2346,13
2347,13
2348,13
2349,13
2350,13
2351,13
2352,13
2353,13
2354,13
2355,13
2356,13
2357,13
2358,13
2359,13
2360,13
2361,13
2362,13
2363,13
2364,13
2365,13
2366,13
2367,13
2368,13
2369,13
2370,13
2371,13
2372,13
2373,13
2374,13
2375,13
2376,13
2377,13
2378,13
2379,13
2380,13
2381,13
2382,13
2383,13
2384,13
2385,13
2386,13
2387,13
2388,13
2389,13
2390,13
2391,13
2392,13
2393,13
2394,13
2395,13
2396,13
2397,13
2398,13
2399,13
2400,13
2401,13
2402,13
2403,13
2404,13
2405,13
2406,13
2407,13
2408,13
2409,13
2410,13
2411,13
2412,13
2413,13
2414,13
2415,13
2416,13
2417,13
2418,13
2419,13
2420,13
2421,13
2422,13
2423,13
2424,13
2425,13
2426,13
2427,13
2428,13
2429,13
2430,13
2431,13
2432,13
2433,13
2434,13
2435,13
2436,13
2437,13
2438,13
2439,13
2440,13
2441,13
2442,13
2443,13
2444,13
2445,13
2446,13
2447,13
2448,13
2449,13
2450,13
2451,13
2452,13
2453,13
2454,13
2455,13
2456,13
2457,13
2458,13
2459,13
2460,13
2461,13
2462,13
2463,13
2464,13
2465,13
2466,13
2467,13
2468,13
2469,13
2470,13
2471,13
2472,13
2473,13
2474,13
2475,13
2476,13
2477,13
2478,13
2479,13
2480,13
2481,13
2482,13
2483,13
2484,13
2485,13
2486,13
2487,13
2488,13
2489,13
2490,13
2491,13
2492,13
2493,13
2494,13
2495,13
2496,13
2497,13
2498,13
2499,13
2500,13
2501,13
2502,13
2503,13
2504,13
2505,13
2506,13
2507,13
2508,13
2509,13
2510,13
2511,13
2512,13
2513,13
2514,13
2515,13
2516,13
2517,13
2518,13
2519,13
2520,13
2521,13
2522,13
2523,13
2524,13
2525,13
2526,13
2527,13
2528,13
2529,13
2530,13
2531,13
2532,13
2533,13
2534,13
2535,13
2536,13
2537,13
2538,13
2539,13
2540,13
2541,13
2542,13
2543,13
2544,13
2545,13
2546,13
2547,13
2548,13
2549,13
2550,13
2551,13
2552,13
2553,13
2554,13
2555,13
2556,13
2557,13
2558,13
2559,13
2560,13
2561,13
2562,13
2563,13
2564,13
2565,13
2566,13
2567,13
2568,13
2569,13
2570,13
2571,13
2572,13
2573,13
2574,13
2575,13
2576,13
2577,13
2578,13
2579,13
2580,13
2581,13
2582,13
2583,13
2584,13
2585,13
2586,13
2587,13
2588,13
2589,13
2590,13
2591,13
2592,13
2593,13
2594,13
2595,13
2596,13
2597,13
2598,13
2599,13
2600,13
2601,13
2602,13
2603,13
2604,13
2605,13
2606,13
2607,13
2608,13
2609,13
2610,13
2611,13
2612,13
2613,13
2614,13
2615,13
2616,13
2617,13
2618,13
2619,13
2620,13
2621,13
2622,13
2623,13
2624,13
2625,13
2626,13
2627,13
2628,13
2629,13
2630,13
2631,13
2632,13
2633,13
2634,13
2635,13
2636,13
2637,13
2638,13
2639,13
2640,13
2641,13
2642,13
2643,13
2644,13
2645,13
2646,13
2647,13
2648,13
2649,13
2650,13
2651,13
2652,13
2653,13
2654,13
2655,13
2656,13
2657,13
2658,13
2659,13
2660,13
2661,13
2662,13
2663,13
2664,13
2665,13
2666,13
2667,13
2668,13
2669,13
2670,13
2671,13
2672,13
2673,13
2674,13
2675,13
2676,13
2677,13
2678,13
2679,13
2680,13
2681,13
2682,13
2683,13
2684,13
2685,13
2686,13
2687,13
2688,13
2689,13
2690,13
2691,13
2692,13
2693,13
2694,13
2695,13
2696,13
2697,13
2698,13
2699,13
2700,13
2701,13
2702,13
2703,13
2704,13
2705,13
2706,13
2707,13
2708,13
2709,13
2710,13
2711,13
2712,13
2713,13
2714,13
2715,13
2716,13
2717,13
2718,13
2719,13
2720,13
2721,13
2722,13
2723,13
2724,13
2725,13
2726,13
2727,13
2728,13
2729,13
2730,13
2731,13
2732,13
2733,13
2734,13
2735,13
2736,13
2737,13
2738,13
2739,13
2740,13
2741,13
2742,13
2743,13
2744,13
2745,13
2746,13
2747,13
2748,13
2749,13
2750,13
2751,13
2752,13
2753,13
2754,13
2755,13
2756,13
2757,13
2758,13
2759,13
2760,13
2761,13
2762,13
2763,13
2764,13
2765,13
2766,13
2767,13
2768,13
2769,13
2770,13
2771,13
2772,13
2773,13
2774,13
2775,13
2776,13
2777,13
2778,13
2779,13
2780,13
2781,13
2782,13
2783,13
2784,13
2785,13
2786,13
2787,13
2788,13
2789,13
2790,13
2791,13
2792,13
2793,13
2794,13
2795,13
2796,13
2797,13
2798,13
2799,13
2800,13
2801,13
2802,13
2803,13
2804,13
2805,13
2806,13
2807,13
2808,13
2809,13
2810,13
2811,13
2812,13
2813,13
2814,13
2815,13
2816,13
2817,13
2818,13
2819,13
2820,13
2821,13
2822,13
2823,13
2824,13
2825,13
2826,13
2827,13
2828,13
2829,13
2830,13
2831,13
2832,13
2833,13
2834,13
2835,13
2836,13
2837,13
2838,13
2839,13
2840,13
2841,13
2842,13
2843,13
2844,13
2845,13
2846,13
2847,13
2848,13
2849,13
2850,13
2851,13
2852,13
2853,13
2854,13
2855,13
2856,13
2857,13
2858,13
2859,13
2860,13
2861,13
2862,13
2863,13
2864,13
2865,13
2866,13
2867,13
2868,13
2869,13
2870,13
2871,13
2872,13
2873,13
2874,13
2875,13
2876,13
2877,13
2878,13
2879,13
2880,13
2881,13
2882,13
2883,13
2884,13
2885,13
2886,13
2887,13
2888,13
2889,13
2890,13
2891,13
2892,13
2893,13
2894,13
2895,13
2896,13
2897,13
2898,13
2899,13
2900,13
2901,13
2902,13
2903,13
2904,13
2905,13
2906,13
2907,13
2908,13
2909,13
2910,13
2911,13
2912,13
2913,13
2914,13
2915,13
2916,13
2917,13
2918,13
2919,13
2920,13
2921,13
2922,13
2923,13
2924,13
2925,13
2926,13
2927,13
2928,13
2929,13
2930,13
2931,13
2932,13
2933,13
2934,13
2935,13
2936,13
2937,13
2938,13
2939,13
2940,13
2941,13
2942,13
2943,13
2944,13
2945,13
2946,13
2947,13
2948,13
2949,13
2950,13
2951,13
2952,13
2953,13
2954,13
2955,13
2956,13
2957,13
2958,13
2959,13
2960,13
2961,13
2962,13
2963,13
2964,13
2965,13
2966,13
2967,13
2968,13
2969,13
2970,13
2971,13
2972,13
2973,13
2974,13
2975,13
2976,13
2977,13
2978,13
2979,13
2980,13
2981,13
2982,13
2983,13
2984,13
2985,13
2986,13
2987,13
2988,13
2989,13
2990,13
2991,13
2992,13
2993,13
2994,13
2995,13
2996,13
2997,13
2998,13
2999,13
3000,13
3001,13
3002,13
3003,13
3004,13
3005,13
3006,13
3007,13
3008,13
3009,13
3010,13
3011,13
3012,13
3013,13
3014,13
3015,13
3016,13
3017,13
3018,13
3019,13
3020,13
3021,13
3022,13
3023,13
3024,13
3025,13
3026,13
3027,13
3028,13
3029,13
3030,13
3031,13
3032,13
3033,13
3034,13
3035,13
3036,13
3037,13
3038,13
3039,13
3040,13
3041,13
3042,13
3043,13
3044,13
3045,13
3046,13
3047,13
3048,13
3049,13
3050,13
3051,13
3052,13
3053,13
3054,13
3055,13
3056,13
3057,13
3058,13
3059,13
3060,13
3061,13
3062,13
3063,13
3064,13
3065,13
3066,13
3067,13
3068,13
3069,13
3070,13
3071,13
3072,13
3073,13
3074,13
3075,13
3076,13
3077,13
3078,13
3079,13
3080,13
3081,13
3082,13
3083,13
3084,13
3085,13
3086,13
3087,13
3088,13
3089,13
3090,13
3091,13
3092,13
3093,13
3094,13
3095,13
3096,13
3097,13
3098,13
3099,13
3100,13
3101,13
3102,13
3103,13
3104,13
3105,13
3106,13
3107,13
3108,13
3109,13
3110,13
3111,13
3112,13
3113,13
3114,13
3115,13
3116,13
3117,13
3118,13
3119,13
3120,13
3121,13
3122,13
3123,13
3124,13
3125,13
3126,13
3127,13
3128,13
3129,13
3130,13
3131,13
3132,13
3133,13
3134,13
3135,13
3136,13
3137,13
3138,13
3139,13
3140,13
3141,13
3142,13
3143,13
3144,13
3145,13
3146,13
3147,13
3148,13
3149,13
3150,13
3151,13
3152,13
3153,13
3154,13
3155,13
3156,13
3157,13
3158,13
3159,13
3160,13
3161,13
3162,13
3163,13
3164,13
3165,13
3166,13
3167,13
3168,13
3169,13
3170,13
3171,13
3172,13
3173,13
3174,13
3175,13
3176,13
3177,13
3178,13
3179,13
3180,13
3181,13
3182,13
3183,13
3184,13
3185,13
3186,13
3187,13
3188,13
3189,13
3190,13
3191,13
3192,13
3193,13
3194,13
3195,13
3196,13
3197,13
3198,13
3199,13
3200,13
3201,13
3202,13
3203,13
3204,13
3205,13
3206,13
3207,13
3208,13
3209,13
3210,13
3211,13
3212,13
3213,13
3214,13
3215,13
3216,13
3217,13
3218,13
3219,13
3220,13
3221,13
3222,13
3223,13
3224,13
3225,13
3226,13
3227,13
3228,13
3229,13
3230,13
3231,13
3232,13
3233,13
3234,13
3235,13
3236,13
3237,13
3238,13
3239,13
3240,13
3241,13
3242,13
3243,13
3244,13
3245,13
3246,13
3247,13
3248,13
3249,13
3250,13
3251,13
3252,13
3253,13
3254,13
3255,13
3256,13
3257,13
3258,13
3259,13
3260,13
3261,13
3262,13
3263,13
3264,13
3265,13
3266,13
3267,13
3268,13
3269,13
3270,13
3271,13
3272,13
3273,13
3274,13
3275,13
3276,13
3277,13
3278,13
3279,13
3280,13
3281,13
3282,13
3283,13
3284,13
3285,13
3286,13
3287,13
3288,13
3289,13
3290,13
3291,13
3292,13
3293,13
3294,13
3295,13
3296,13
3297,13
3298,13
3299,13
3300,13
3301,13
3302,13
3303,13
3304,13
3305,13
3306,13
3307,13
3308,13
3309,13
3310,13
3311,13
3312,13
3313,13
3314,13
3315,13
3316,13
3317,13
3318,13
3319,13
3320,13
3321,13
3322,13
3323,13
3324,13
3325,13
3326,13
3327,13
3328,13
3329,13
3330,13
3331,13
3332,13
3333,13
3334,13
3335,13
3336,13
3337,13
3338,13
3339,13
3340,13
3341,13
3342,13
3343,13
3344,13
3345,13
3346,13
3347,13
3348,13
3349,13
3350,13
3351,13
3352,13
3353,13
3354,13
3355,13
3356,13
3357,13
3358,13
3359,13
3360,13
3361,13
3362,13
3363,13
3364,13
3365,13
3366,13
3367,13
3368,13
3369,13
3370,13
3371,13
3372,13
3373,13
3374,13
3375,13
3376,13
3377,13
3378,13
3379,13
3380,13
3381,13
3382,13
3383,13
3384,13
3385,13
3386,13
3387,13
3388,13
3389,13
3390,13
3391,13
3392,13
3393,13
3394,13
3395,13
3396,13
3397,13
3398,13
3399,13
3400,13
3401,13
3402,13
3403,13
3404,13
3405,13
3406,13
3407,13
3408,13
3409,13
3410,13
3411,13
3412,13
3413,13
3414,13
3415,13
3416,13
3417,13
3418,13
3419,13
3420,13
3421,13
3422,13
3423,13
3424,13
3425,13
3426,13
3427,13
3428,13
3429,13
3430,13
3431,13
3432,13
3433,13
3434,13
3435,13
3436,13
3437,13
3438,13
3439,13
3440,13
3441,13
3442,13
3443,13
3444,13
3445,13
3446,13
3447,13
3448,13
3449,13
3450,13
3451,13
3452,13
3453,13
3454,13
3455,13
3456,13
3457,13
3458,13
3459,13
3460,13
3461,13
3462,13
3463,13
3464,13
3465,13
3466,13
3467,13
3468,13
3469,13
3470,13
3471,13
3472,13
3473,13
3474,13
3475,13
3476,13
3477,13
3478,13
3479,13
3480,13
3481,13
3482,13
3483,13
3484,13
3485,13
3486,13
3487,13
3488,13
3489,13
3490,13
3491,13
3492,13
3493,13
3494,13
3495,13
3496,13
3497,13
3498,13
3499,13
3500,13
3501,13
3502,13
3503,13
3504,13
3505,13
3506,13
3507,13
3508,13
3509,13
3510,13
3511,13
3512,13
3513,13
3514,13
3515,13
3516,13
3517,13
3518,13
3519,13
3520,13
3521,13
3522,13
3523,13
3524,13
3525,13
3526,13
3527,13
3528,13
3529,13
3530,13
3531,13
3532,13
3533,13
3534,13
3535,13
3536,13
3537,13
3538,13
3539,13
3540,13
3541,13
3542,13
3543,13
3544,13
3545,13
3546,13
3547,13
3548,13
3549,13
3550,13
3551,13
3552,13
3553,13
3554,13
3555,13
3556,13
3557,13
3558,13
3559,13
3560,13
3561,13
3562,13
3563,13
3564,13
3565,13
3566,13
3567,13
3568,13
3569,13
3570,13
3571,13
3572,13
3573,13
3574,13
3575,13
3576,13
3577,13
3578,13
3579,13
3580,13
3581,13
3582,13
3583,13
3584,13
3585,13
3586,13
3587,13
3588,13
3589,13
3590,13
3591,13
3592,13
3593,13
3594,13
3595,13
3596,13
3597,13
3598,13
3599,13
3600,13
3601,13
3602,13
3603,13
3604,13
3605,13
3606,13
3607,13
3608,13
3609,13
3610,13
3611,13
3612,13
3613,13
3614,13
3615,13
3616,13
3617,13
3618,13
3619,13
3620,13
3621,13
3622,13
3623,13
3624,13
3625,13
3626,13
3627,13
3628,13
3629,13
3630,13
3631,13
3632,13
3633,13
3634,13
3635,13
3636,13
3637,13
3638,13
3639,13
3640,13
3641,13
3642,13
3643,13
3644,13
3645,13
3646,13
3647,13
3648,13
3649,13
3650,13
3651,13
3652,13
3653,13
3654,13
3655,13
3656,13
3657,13
3658,13
3659,13
3660,13
3661,13
3662,13
3663,13
3664,13
3665,13
3666,13
3667,13
3668,13
3669,13
3670,13
3671,13
3672,13
3673,13
3674,13
3675,13
3676,13
3677,13
3678,13
3679,13
3680,13
3681,13
3682,13
3683,13
3684,13
3685,13
3686,13
3687,13
3688,13
3689,13
3690,13
3691,13
3692,13
3693,13
3694,13
3695,13
3696,13
3697,13
3698,13
3699,13
3700,13
3701,13
3702,13
3703,13
3704,13
3705,13
3706,13
3707,13
3708,13
3709,13
3710,13
3711,13
3712,13
3713,13
3714,13
3715,13
3716,13
3717,13
3718,13
3719,13
3720,13
3721,13
3722,13
3723,13
3724,13
3725,13
3726,13
3727,13
3728,13
3729,13
3730,13
3731,13
3732,13
3733,13
3734,13
3735,13
3736,13
3737,13
3738,13
3739,13
3740,13
3741,13
3742,13
3743,13
3744,13
3745,13
3746,13
3747,13
3748,13
3749,13
3750,13
3751,13
3752,13
3753,13
3754,13
3755,13
3756,13
3757,13
3758,13
3759,13
3760,13
3761,13
3762,13
3763,13
3764,13
3765,13
3766,13
3767,13
3768,13
3769,13
3770,13
3771,13
3772,13
3773,13
3774,13
3775,13
3776,13
3777,13
3778,13
3779,13
3780,13
3781,13
3782,13
3783,13
3784,13
3785,13
3786,13
3787,13
3788,13
3789,13
3790,13
3791,13
3792,13
3793,13
3794,13
3795,13
3796,13
3797,13
3798,13
3799,13
3800,13
3801,13
3802,13
3803,13
3804,13
3805,13
3806,13
3807,13
3808,13
3809,13
3810,13
3811,13
3812,13
3813,13
3814,13
3815,13
3816,13
3817,13
3818,13
3819,13
3820,13
3821,13
3822,13
3823,13
3824,13
3825,13
3826,13
3827,13
3828,13
3829,13
3830,13
3831,13
3832,13
3833,13
3834,13
3835,13
3836,13
3837,13
3838,13
3839,13
3840,13
3841,13
3842,13
3843,13
3844,13
3845,13
3846,13
3847,13
3848,13
3849,13
3850,13
3851,13
3852,13
3853,13
3854,13
3855,13
3856,13
3857,13
3858,13
3859,13
3860,13
3861,13
3862,13
3863,13
3864,13
3865,13
3866,13
3867,13
3868,13
3869,13
3870,13
3871,13
3872,13
3873,13
3874,13
3875,13
3876,13
3877,13
3878,13
3879,13
3880,13
3881,13
3882,13
3883,13
3884,13
3885,13
3886,13
3887,13
3888,13
3889,13
3890,13
3891,13
3892,13
3893,13
3894,13
3895,13
3896,13
3897,13
3898,13
3899,13
3900,13
3901,13
3902,13
3903,13
3904,13
3905,13
3906,13
3907,13
3908,13
3909,13
3910,13
3911,13
3912,13
3913,13
3914,13
3915,13
3916,13
3917,13
3918,13
3919,13
3920,13
3921,13
3922,13
3923,13
3924,13
3925,13
3926,13
3927,13
3928,13
3929,13
3930,13
3931,13
3932,13
3933,13
3934,13
3935,13
3936,13
3937,13
3938,13
3939,13
3940,13
3941,13
3942,13
3943,13
3944,13
3945,13
3946,13
3947,13
3948,13
3949,13
3950,13
3951,13
3952,13
3953,13
3954,13
3955,13
3956,13
3957,13
3958,13
3959,13
3960,13
3961,13
3962,13
3963,13
3964,13
3965,13
3966,13
3967,13
3968,13
3969,13
3970,13
3971,13
3972,13
3973,13
3974,13
3975,13
3976,13
3977,13
3978,13
3979,13
3980,13
3981,13
3982,13
3983,13
3984,13
3985,13
3986,13
3987,13
3988,13
3989,13
3990,13
3991,13
3992,13
3993,13
3994,13
3995,13
3996,13
3997,13
3998,13
3999,13
4000,13
4001,13
4002,13
4003,13
4004,13
4005,13
4006,13
4007,13
4008,13
4009,13
4010,13
4011,13
4012,13
4013,13
4014,13
4015,13
4016,13
4017,13
4018,13
4019,13
4020,13
4021,13
4022,13
4023,13
4024,13
4025,13
4026,13
4027,13
4028,13
4029,13
4030,13
4031,13
4032,13
4033,13
4034,13
4035,13
4036,13
4037,13
4038,13
4039,13
4040,13
4041,13
4042,13
4043,13
4044,13
4045,13
4046,13
4047,13
4048,13
4049,13
4050,13
4051,13
4052,13
4053,13
4054,13
4055,13
4056,13
4057,13
4058,13
4059,13
4060,13
4061,13
4062,13
4063,13
4064,13
4065,13
4066,13
4067,13
4068,13
4069,13
4070,13
4071,13
4072,13
4073,13
4074,13
4075,13
4076,13
4077,13
4078,13
4079,13
4080,13
4081,13
4082,13
4083,13
4084,13
4085,13
4086,13
4087,13
4088,13
4089,13
4090,13
4091,13
4092,13
4093,13
4094,13
4095,13
4096,13
4097,13
4098,13
4099,13
4100,13
4101,13
4102,13
4103,13
4104,13
4105,13
4106,13
4107,13
4108,13
4109,13
4110,13
4111,13
4112,13
4113,13
4114,13
4115,13
4116,13
4117,13
4118,13
4119,13
4120,13
4121,13
4122,13
4123,13
4124,13
4125,13
4126,13
4127,13
4128,13
4129,13
4130,13
4131,13
4132,13
4133,13
4134,13
4135,13
4136,13
4137,13
4138,13
4139,13
4140,13
4141,13
4142,13
4143,13
4144,13
4145,13
4146,13
4147,13
4148,13
4149,13
4150,13
4151,13
4152,13
4153,13
4154,13
4155,13
4156,13
4157,13
4158,13
4159,13
4160,13
4161,13
4162,13
4163,13
4164,13
4165,13
4166,13
4167,13
4168,13
4169,13
4170,13
4171,13
4172,13
4173,13
4174,13
4175,13
4176,13
4177,13
4178,13
4179,13
4180,13
4181,13
4182,13
4183,13
4184,13
4185,13
4186,13
4187,13
4188,13
4189,13
4190,13
4191,13
4192,13
4193,13
4194,13
4195,13
4196,13
4197,13
4198,13
4199,13
4200,13
4201,13
4202,13
4203,13
4204,13
4205,13
4206,13
4207,13
4208,13
4209,13
4210,13
4211,13
4212,13
4213,13
4214,13
4215,13
4216,13
4217,13
4218,13
4219,13
4220,13
4221,13
4222,13
4223,13
4224,13
4225,13
4226,13
4227,13
4228,13
4229,13
4230,13
4231,13
4232,13
4233,13
4234,13
4235,13
4236,13
4237,13
4238,13
4239,13
4240,13
4241,13
4242,13
4243,13
4244,13
4245,13
4246,13
4247,13
4248,13
4249,13
4250,13
4251,13
4252,13
4253,13
4254,13
4255,13
4256,13
4257,13
4258,13
4259,13
4260,13
4261,13
4262,13
4263,13
4264,13
4265,13
4266,13
4267,13
4268,13
4269,13
4270,13
4271,13
4272,13
4273,13
4274,13
4275,13
4276,13
4277,13
4278,13
4279,13
4280,13
4281,13
4282,13
4283,13
4284,13
4285,13
4286,13
4287,13
4288,13
4289,13
4290,13
4291,13
4292,13
4293,13
4294,13
4295,13
4296,13
4297,13
4298,13
4299,13
4300,13
4301,13
4302,13
4303,13
4304,13
4305,13
4306,13
4307,13
4308,13
4309,13
4310,13
4311,13
4312,13
4313,13
4314,13
4315,13
4316,13
4317,13
4318,13
4319,13
4320,13
4321,13
4322,13
4323,13
4324,13
4325,13
4326,13
4327,13
4328,13
4329,13
4330,13
4331,13
4332,13
4333,13
4334,13
4335,13
4336,13
4337,13
4338,13
4339,13
4340,13
4341,13
4342,13
4343,13
4344,13
4345,13
4346,13
4347,13
4348,13
4349,13
4350,13
4351,13
4352,13
4353,13
4354,13
4355,13
4356,13
4357,13
4358,13
4359,13
4360,13
4361,13
4362,13
4363,13
4364,13
4365,13
4366,13
4367,13
4368,13
4369,13
4370,13
4371,13
4372,13
4373,13
4374,13
4375,13
4376,13
4377,13
4378,13
4379,13
4380,13
4381,13
4382,13
4383,13
4384,13
4385,13
4386,13
4387,13
4388,13
4389,13
4390,13
4391,13
4392,13
4393,13
4394,13
4395,13
4396,13
4397,13
4398,13
4399,13
4400,13
4401,13
4402,13
4403,13
4404,13
4405,13
4406,13
4407,13
4408,13
4409,13
4410,13
4411,13
4412,13
4413,13
4414,13
4415,13
4416,13
4417,13
4418,13
4419,13
4420,13
4421,13
4422,13
4423,13
4424,13
4425,13
4426,13
4427,13
4428,13
4429,13
4430,13
4431,13
4432,13
4433,13
4434,13
4435,13
4436,13
4437,13
4438,13
4439,13
4440,13
4441,13
4442,13
4443,13
4444,13
4445,13
4446,13
4447,13
4448,13
4449,13
4450,13
4451,13
4452,13
4453,13
4454,13
4455,13
4456,13
4457,13
4458,13
4459,13
4460,13
4461,13
4462,13
4463,13
4464,13
4465,13
4466,13
4467,13
4468,13
4469,13
4470,13
4471,13
4472,13
4473,13
4474,13
4475,13
4476,13
4477,13
4478,13
4479,13
4480,13
4481,13
4482,13
4483,13
4484,13
4485,13
4486,13
4487,13
4488,13
4489,13
4490,13
4491,13
4492,13
4493,13
4494,13
4495,13
4496,13
4497,13
4498,13
4499,13
4500,13
4501,13
4502,13
4503,13
4504,13
4505,13
4506,13
4507,13
4508,13
4509,13
4510,13
4511,13
4512,13
4513,13
4514,13
4515,13
4516,13
4517,13
4518,13
4519,13
4520,13
4521,13
4522,13
4523,13
4524,13
4525,13
4526,13
4527,13
4528,13
4529,13
4530,13
4531,13
4532,13
4533,13
4534,13
4535,13
4536,13
4537,13
4538,13
4539,13
4540,13
4541,13
4542,13
4543,13
4544,13
4545,13
4546,13
4547,13
4548,13
4549,13
4550,13
4551,13
4552,13
4553,13
4554,13
4555,13
4556,13
4557,13
4558,13
4559,13
4560,13
4561,13
4562,13
4563,13
4564,13
4565,13
4566,13
4567,13
4568,13
4569,13
4570,13
4571,13
4572,13
4573,13
4574,13
4575,13
4576,13
4577,13
4578,13
4579,13
4580,13
4581,13
4582,13
4583,13
4584,13
4585,13
4586,13
4587,13
4588,13
4589,13
4590,13
4591,13
4592,13
4593,13
4594,13
4595,13
4596,13
4597,13
4598,13
4599,13
4600,13
4601,13
4602,13
4603,13
4604,13
4605,13
4606,13
4607,13
4608,13
4609,13
4610,13
4611,13
4612,13
4613,13
4614,13
4615,13
4616,13
4617,13
4618,13
4619,13
4620,13
4621,13
4622,13
4623,13
4624,13
4625,13
4626,13
4627,13
4628,13
4629,13
4630,13
4631,13
4632,13
4633,13
4634,13
4635,13
4636,13
4637,13
4638,13
4639,13
4640,13
4641,13
4642,13
4643,13
4644,13
4645,13
4646,13
4647,13
4648,13
4649,13
4650,13
4651,13
4652,13
4653,13
4654,13
4655,13
4656,13
4657,13
4658,13
4659,13
4660,13
4661,13
4662,13
4663,13
4664,13
4665,13
4666,13
4667,13
4668,13
4669,13
4670,13
4671,13
4672,13
4673,13
4674,13
4675,13
4676,13
4677,13
4678,13
4679,13
4680,13
4681,13
4682,13
4683,13
4684,13
4685,13
4686,13
4687,13
4688,13
4689,13
4690,13
4691,13
4692,13
4693,13
4694,13
4695,13
4696,13
4697,13
4698,13
4699,13
4700,13
4701,13
4702,13
4703,13
4704,13
4705,13
4706,13
4707,13
4708,13
4709,13
4710,13
4711,13
4712,13
4713,13
4714,13
4715,13
4716,13
4717,13
4718,13
4719,13
4720,13
4721,13
4722,13
4723,13
4724,13
4725,13
4726,13
4727,13
4728,13
4729,13
4730,13
4731,13
4732,13
4733,13
4734,13
4735,13
4736,13
4737,13
4738,13
4739,13
4740,13
4741,13
4742,13
4743,13
4744,13
4745,13
4746,13
4747,13
4748,13
4749,13
4750,13
4751,13
4752,13
4753,13
4754,13
4755,13
4756,13
4757,13
4758,13
4759,13
4760,13
4761,13
4762,13
4763,13
4764,13
4765,13
4766,13
4767,13
4768,13
4769,13
4770,13
4771,13
4772,13
4773,13
4774,13
4775,13
4776,13
4777,13
4778,13
4779,13
4780,13
4781,13
4782,13
4783,13
4784,13
4785,13
4786,13
4787,13
4788,13
4789,13
4790,13
4791,13
4792,13
4793,13
4794,13
4795,13
4796,13
4797,13
4798,13
4799,13
4800,13
4801,13
4802,13
4803,13
4804,13
4805,13
4806,13
4807,13
4808,13
4809,13
4810,13
4811,13
4812,13
4813,13
4814,13
4815,13
4816,13
4817,13
4818,13
4819,13
4820,13
4821,13
4822,13
4823,13
4824,13
4825,13
4826,13
4827,13
4828,13
4829,13
4830,13
4831,13
4832,13
4833,13
4834,13
4835,13
4836,13
4837,13
4838,13
4839,13
4840,13
4841,13
4842,13
4843,13
4844,13
4845,13
4846,13
4847,13
4848,13
4849,13
4850,13
4851,13
4852,13
4853,13
4854,13
4855,13
4856,13
4857,13
4858,13
4859,13
4860,13
4861,13
4862,13
4863,13
4864,13
4865,13
4866,13
4867,13
4868,13
4869,13
4870,13
4871,13
4872,13
4873,13
4874,13
4875,13
4876,13
4877,13
4878,13
4879,13
4880,13
4881,13
4882,13
4883,13
4884,13
4885,13
4886,13
4887,13
4888,13
4889,13
4890,13
4891,13
4892,13
4893,13
4894,13
4895,13
4896,13
4897,13
4898,13
4899,13
4900,13
4901,13
4902,13
4903,13
4904,13
4905,13
4906,13
4907,13
4908,13
4909,13
4910,13
4911,13
4912,13
4913,13
4914,13
4915,13
4916,13
4917,13
4918,13
4919,13
4920,13
4921,13
4922,13
4923,13
4924,13
4925,13
4926,13
4927,13
4928,13
4929,13
4930,13
4931,13
4932,13
4933,13
4934,13
4935,13
4936,13
4937,13
4938,13
4939,13
4940,13
4941,13
4942,13
4943,13
4944,13
4945,13
4946,13
4947,13
4948,13
4949,13
4950,13
4951,13
4952,13
4953,13
4954,13
4955,13
4956,13
4957,13
4958,13
4959,13
4960,13
4961,13
4962,13
4963,13
4964,13
4965,13
4966,13
4967,13
4968,13
4969,13
4970,13
4971,13
4972,13
4973,13
4974,13
4975,13
4976,13
4977,13
4978,13
4979,13
4980,13
4981,13
4982,13
4983,13
4984,13
4985,13
4986,13
4987,13
4988,13
4989,13
4990,13
4991,13
4992,13
4993,13
4994,13
4995,13
4996,13
4997,13
4998,13
4999,13
5000,13
5001,13
5002,13
5003,13
5004,13
5005,13
5006,13
5007,13
5008,13
5009,13
5010,13
5011,13
5012,13
5013,13
5014,13
5015,13
5016,13
5017,13
5018,13
5019,13
5020,13
5021,13
5022,13
5023,13
5024,13
5025,13
5026,13
5027,13
5028,13
5029,13
5030,13
5031,13
5032,13
5033,13
5034,13
5035,13
5036,13
5037,13
5038,13
5039,13
5040,13
5041,13
5042,13
5043,13
5044,13
5045,13
5046,13
5047,13
5048,13
5049,13
5050,13
5051,13
5052,13
5053,13
5054,13
5055,13
5056,13
5057,13
5058,13
5059,13
5060,13
5061,13
5062,13
5063,13
5064,13
5065,13
5066,13
5067,13
5068,13
5069,13
5070,13
5071,13
5072,13
5073,13
5074,13
5075,13
5076,13
5077,13
5078,13
5079,13
5080,13
5081,13
5082,13
5083,13
5084,13
5085,13
5086,13
5087,13
5088,13
5089,13
5090,13
5091,13
5092,13
5093,13
5094,13
5095,13
5096,13
5097,13
5098,13
5099,13
5100,13
5101,13
5102,13
5103,13
5104,13
5105,13
5106,13
5107,13
5108,13
5109,13
5110,13
5111,13
5112,13
5113,13
5114,13
5115,13
5116,13
5117,13
5118,13
5119,13
5120,13
5121,13
5122,13
5123,13
5124,13
5125,13
5126,13
5127,13
5128,13
5129,13
5130,13
5131,13
5132,13
5133,13
5134,13
5135,13
5136,13
5137,13
5138,13
5139,13
5140,13
5141,13
5142,13
5143,13
5144,13
5145,13
5146,13
5147,13
5148,13
5149,13
5150,13
5151,13
5152,13
5153,13
5154,13
5155,13
5156,13
5157,13
5158,13
5159,13
5160,13
5161,13
5162,13
5163,13
5164,13
5165,13
5166,13
5167,13
5168,13
5169,13
5170,13
5171,13
5172,13
5173,13
5174,13
5175,13
5176,13
5177,13
5178,13
5179,13
5180,13
5181,13
5182,13
5183,13
5184,13
5185,13
5186,13
5187,13
5188,13
5189,13
5190,13
5191,13
5192,13
5193,13
5194,13
5195,13
5196,13
5197,13
5198,13
5199,13
5200,13
5201,13
5202,13
5203,13
5204,13
5205,13
5206,13
5207,13
5208,13
5209,13
5210,13
5211,13
5212,13
5213,13
5214,13
5215,13
5216,13
5217,13
5218,13
5219,13
5220,13
5221,13
5222,13
5223,13
5224,13
5225,13
5226,13
5227,13
5228,13
5229,13
5230,13
5231,13
5232,13
5233,13
5234,13
5235,13
5236,13
5237,13
5238,13
5239,13
5240,13
5241,13
5242,13
5243,13
5244,13
5245,13
5246,13
5247,13
5248,13
5249,13
5250,13
5251,13
5252,13
5253,13
5254,13
5255,13
5256,13
5257,13
5258,13
5259,13
5260,13
5261,13
5262,13
5263,13
5264,13
5265,13
5266,13
5267,13
5268,13
5269,13
5270,13
5271,13
5272,13
5273,13
5274,13
5275,13
5276,13
5277,13
5278,13
5279,13
5280,13
5281,13
5282,13
5283,13
5284,13
5285,13
5286,13
5287,13
5288,13
5289,13
5290,13
5291,13
5292,13
5293,13
5294,13
5295,13
5296,13
5297,13
5298,13
5299,13
5300,13
5301,13
5302,13
5303,13
5304,13
5305,13
5306,13
5307,13
5308,13
5309,13
5310,13
5311,13
5312,13
5313,13
5314,13
5315,13
5316,13
5317,13
5318,13
5319,13
5320,13
5321,13
5322,13
5323,13
5324,13
5325,13
5326,13
5327,13
5328,13
5329,13
5330,13
5331,13
5332,13
5333,13
5334,13
5335,13
5336,13
5337,13
5338,13
5339,13
5340,13
5341,13
5342,13
5343,13
5344,13
5345,13
5346,13
5347,13
5348,13
5349,13
5350,13
5351,13
5352,13
5353,13
5354,13
5355,13
5356,13
5357,13
5358,13
5359,13
5360,13
5361,13
5362,13
5363,13
5364,13
5365,13
5366,13
5367,13
5368,13
5369,13
5370,13
5371,13
5372,13
5373,13
5374,13
5375,13
5376,13
5377,13
5378,13
5379,13
5380,13
5381,13
5382,13
5383,13
5384,13
5385,13
5386,13
5387,13
5388,13
5389,13
5390,13
5391,13
5392,13
5393,13
5394,13
5395,13
5396,13
5397,13
5398,13
5399,13
5400,13
5401,13
5402,13
5403,13
5404,13
5405,13
5406,13
5407,13
5408,13
5409,13
5410,13
5411,13
5412,13
5413,13
5414,13
5415,13
5416,13
5417,13
5418,13
5419,13
5420,13
5421,13
5422,13
5423,13
5424,13
5425,13
5426,13
5427,13
5428,13
5429,13
5430,13
5431,13
5432,13
5433,13
5434,13
5435,13
5436,13
5437,13
5438,13
5439,13
5440,13
5441,13
5442,13
5443,13
5444,13
5445,13
5446,13
5447,13
5448,13
5449,13
5450,13
5451,13
5452,13
5453,13
5454,13
5455,13
5456,13
5457,13
5458,13
5459,13
5460,13
5461,13
5462,13
5463,13
5464,13
5465,13
5466,13
5467,13
5468,13
5469,13
5470,13
5471,13
5472,13
5473,13
5474,13
5475,13
5476,13
5477,13
5478,13
5479,13
5480,13
5481,13
5482,13
5483,13
5484,13
5485,13
5486,13
5487,13
5488,13
5489,13
5490,13
5491,13
5492,13
5493,13
5494,13
5495,13
5496,13
5497,13
5498,13
5499,13
5500,13
5501,13
5502,13
5503,13
5504,13
5505,13
5506,13
5507,13
5508,13
5509,13
5510,13
5511,13
5512,13
5513,13
5514,13
5515,13
5516,13
5517,13
5518,13
5519,13
5520,13
5521,13
5522,13
5523,13
5524,13
5525,13
5526,13
5527,13
5528,13
5529,13
5530,13
5531,13
5532,13
5533,13
5534,13
5535,13
5536,13
5537,13
5538,13
5539,13
5540,13
5541,13
5542,13
5543,13
5544,13
5545,13
5546,13
5547,13
5548,13
5549,13
5550,13
5551,13
5552,13
5553,13
5554,13
5555,13
5556,13
5557,13
5558,13
5559,13
5560,13
5561,13
5562,13
5563,13
5564,13
5565,13
5566,13
5567,13
5568,13
5569,13
5570,13
5571,13
5572,13
5573,13
5574,13
5575,13
5576,13
5577,13
5578,13
5579,13
5580,13
5581,13
5582,13
5583,13
5584,13
5585,13
5586,13
5587,13
5588,13
5589,13
5590,13
5591,13
5592,13
5593,13
5594,13
5595,13
5596,13
5597,13
5598,13
5599,13
5600,13
5601,13
5602,13
5603,13
5604,13
5605,13
5606,13
5607,13
5608,13
5609,13
5610,13
5611,13
5612,13
5613,13
5614,13
5615,13
5616,13
5617,13
5618,13
5619,13
5620,13
5621,13
5622,13
5623,13
5624,13
5625,13
5626,13
5627,13
5628,13
5629,13
5630,13
5631,13
5632,13
5633,13
5634,13
5635,13
5636,13
5637,13
5638,13
5639,13
5640,13
5641,13
5642,13
5643,13
5644,13
5645,13
5646,13
5647,13
5648,13
5649,13
5650,13
5651,13
5652,13
5653,13
5654,13
5655,13
5656,13
5657,13
5658,13
5659,13
5660,13
5661,13
5662,13
5663,13
5664,13
5665,13
5666,13
5667,13
5668,13
5669,13
5670,13
5671,13
5672,13
5673,13
5674,13
5675,13
5676,13
5677,13
5678,13
5679,13
5680,13
5681,13
5682,13
5683,13
5684,13
5685,13
5686,13
5687,13
5688,13
5689,13
5690,13
5691,13
5692,13
5693,13
5694,13
5695,13
5696,13
5697,13
5698,13
5699,13
5700,13
5701,13
5702,13
5703,13
5704,13
5705,13
5706,13
5707,13
5708,13
5709,13
5710,13
5711,13
5712,13
5713,13
5714,13
5715,13
5716,13
5717,13
5718,13
5719,13
5720,13
5721,13
5722,13
5723,13
5724,13
5725,13
5726,13
5727,13
5728,13
5729,13
5730,13
5731,13
5732,13
5733,13
5734,13
5735,13
5736,13
5737,13
5738,13
5739,13
5740,13
5741,13
5742,13
5743,13
5744,13
5745,13
5746,13
5747,13
5748,13
5749,13
5750,13
5751,13
5752,13
5753,13
5754,13
5755,13
5756,13
5757,13
5758,13
5759,13
5760,13
5761,13
5762,13
5763,13
5764,13
5765,13
5766,13
5767,13
5768,13
5769,13
5770,13
5771,13
5772,13
5773,13
5774,13
5775,13
5776,13
5777,13
5778,13
5779,13
5780,13
5781,13
5782,13
5783,13
5784,13
5785,13
5786,13
5787,13
5788,13
5789,13
5790,13
5791,13
5792,13
5793,13
5794,13
5795,13
5796,13
5797,13
5798,13
5799,13
5800,13
5801,13
5802,13
5803,13
5804,13
5805,13
5806,13
5807,13
5808,13
5809,13
5810,13
5811,13
5812,13
5813,13
5814,13
5815,13
5816,13
5817,13
5818,13
5819,13
5820,13
5821,13
5822,13
5823,13
5824,13
5825,13
5826,13
5827,13
5828,13
5829,13
5830,13
5831,13
5832,13
5833,13
5834,13
5835,13
5836,13
5837,13
5838,13
5839,13
5840,13
5841,13
5842,13
5843,13
5844,13
5845,13
5846,13
5847,13
5848,13
5849,13
5850,13
5851,13
5852,13
5853,13
5854,13
5855,13
5856,13
5857,13
5858,13
5859,13
5860,13
5861,13
5862,13
5863,13
5864,13
5865,13
5866,13
5867,13
5868,13
5869,13
5870,13
5871,13
5872,13
5873,13
5874,13
5875,13
5876,13
5877,13
5878,13
5879,13
5880,13
5881,13
5882,13
5883,13
5884,13
5885,13
5886,13
5887,13
5888,13
5889,13
5890,13
5891,13
5892,13
5893,13
5894,13
5895,13
5896,13
5897,13
5898,13
5899,13
5900,13
5901,13
5902,13
5903,13
5904,13
5905,13
5906,13
5907,13
5908,13
5909,13
5910,13
5911,13
5912,13
5913,13
5914,13
5915,13
5916,13
5917,13
5918,13
5919,13
5920,13
5921,13
5922,13
5923,13
5924,13
5925,13
5926,13
5927,13
5928,13
5929,13
5930,13
5931,13
5932,13
5933,13
5934,13
5935,13
5936,13
5937,13
5938,13
5939,13
5940,13
5941,13
5942,13
5943,13
5944,13
5945,13
5946,13
5947,13
5948,13
5949,13
5950,13
5951,13
5952,13
5953,13
5954,13
5955,13
5956,13
5957,13
5958,13
5959,13
5960,13
5961,13
5962,13
5963,13
5964,13
5965,13
5966,13
5967,13
5968,13
5969,13
5970,13
5971,13
5972,13
5973,13
5974,13
5975,13
5976,13
5977,13
5978,13
5979,13
5980,13
5981,13
5982,13
5983,13
5984,13
5985,13
5986,13
5987,13
5988,13
5989,13
5990,13
5991,13
5992,13
5993,13
5994,13
5995,13
5996,13
5997,13
5998,13
5999,13
6000,13
6001,13
6002,13
6003,13
6004,13
6005,13
6006,13
6007,13
6008,13
6009,13
6010,13
6011,13
6012,13
6013,13
6014,13
6015,13
6016,13
6017,13
6018,13
6019,13
6020,13
6021,13
6022,13
6023,13
6024,13
6025,13
6026,13
6027,13
6028,13
6029,13
6030,13
6031,13
6032,13
6033,13
6034,13
6035,13
6036,13
6037,13
6038,13
6039,13
6040,13
6041,13
6042,13
6043,13
6044,13
6045,13
6046,13
6047,13
6048,13
6049,13
6050,13
6051,13
6052,13
6053,13
6054,13
6055,13
6056,13
6057,13
6058,13
6059,13
6060,13
6061,13
6062,13
6063,13
6064,13
6065,13
6066,13
6067,13
6068,13
6069,13
6070,13
6071,13
6072,13
6073,13
6074,13
6075,13
6076,13
6077,13
6078,13
6079,13
6080,13
6081,13
6082,13
6083,13
6084,13
6085,13
6086,13
6087,13
6088,13
6089,13
6090,13
6091,13
6092,13
6093,13
6094,13
6095,13
6096,13
6097,13
6098,13
6099,13
6100,13
6101,13
6102,13
6103,13
6104,13
6105,13
6106,13
6107,13
6108,13
6109,13
6110,13
6111,13
6112,13
6113,13
6114,13
6115,13
6116,13
6117,13
6118,13
6119,13
6120,13
6121,13
6122,13
6123,13
6124,13
6125,13
6126,13
6127,13
6128,13
6129,13
6130,13
6131,13
6132,13
6133,13
6134,13
6135,13
6136,13
6137,13
6138,13
6139,13
6140,13
6141,13
6142,13
6143,13
6144,13
6145,13
6146,13
6147,13
6148,13
6149,13
6150,13
6151,13
6152,13
6153,13
6154,13
6155,13
6156,13
6157,13
6158,13
6159,13
6160,13
6161,13
6162,13
6163,13
6164,13
6165,13
6166,13
6167,13
6168,13
6169,13
6170,13
6171,13
6172,13
6173,13
6174,13
6175,13
6176,13
6177,13
6178,13
6179,13
6180,13
6181,13
6182,13
6183,13
6184,13
6185,13
6186,13
6187,13
6188,13
6189,13
6190,13
6191,13
6192,13
6193,13
6194,13
6195,13
6196,13
6197,13
6198,13
6199,13
6200,13
6201,13
6202,13
6203,13
6204,13
6205,13
6206,13
6207,13
6208,13
6209,13
6210,13
6211,13
6212,13
6213,13
6214,13
6215,13
6216,13
6217,13
6218,13
6219,13
6220,13
6221,13
6222,13
6223,13
6224,13
6225,13
6226,13
6227,13
6228,13
6229,13
6230,13
6231,13
6232,13
6233,13
6234,13
6235,13
6236,13
6237,13
6238,13
6239,13
6240,13
6241,13
6242,13
6243,13
6244,13
6245,13
6246,13
6247,13
6248,13
6249,13
6250,13
6251,13
6252,13
6253,13
6254,13
6255,13
6256,13
6257,13
6258,13
6259,13
6260,13
6261,13
6262,13
6263,13
6264,13
6265,13
6266,13
6267,13
6268,13
6269,13
6270,13
6271,13
6272,13
6273,13
6274,13
6275,13
6276,13
6277,13
6278,13
6279,13
6280,13
6281,13
6282,13
6283,13
6284,13
6285,13
6286,13
6287,13
6288,13
6289,13
6290,13
6291,13
6292,13
6293,13
6294,13
6295,13
6296,13
6297,13
6298,13
6299,13
6300,13
6301,13
6302,13
6303,13
6304,13
6305,13
6306,13
6307,13
6308,13
6309,13
6310,13
6311,13
6312,13
6313,13
6314,13
6315,13
6316,13
6317,13
6318,13
6319,13
6320,13
6321,13
6322,13
6323,13
6324,13
6325,13
6326,13
6327,13
6328,13
6329,13
6330,13
6331,13
6332,13
6333,13
6334,13
6335,13
6336,13
6337,13
6338,13
6339,13
6340,13
6341,13
6342,13
6343,13
6344,13
6345,13
6346,13
6347,13
6348,13
6349,13
6350,13
6351,13
6352,13
6353,13
6354,13
6355,13
6356,13
6357,13
6358,13
6359,13
6360,13
6361,13
6362,13
6363,13
6364,13
6365,13
6366,13
6367,13
6368,13
6369,13
6370,13
6371,13
6372,13
6373,13
6374,13
6375,13
6376,13
6377,13
6378,13
6379,13
6380,13
6381,13
6382,13
6383,13
6384,13
6385,13
6386,13
6387,13
6388,13
6389,13
6390,13
6391,13
6392,13
6393,13
6394,13
6395,13
6396,13
6397,13
6398,13
6399,13
6400,13
6401,13
6402,13
6403,13
6404,13
6405,13
6406,13
6407,13
6408,13
6409,13
6410,13
6411,13
6412,13
6413,13
6414,13
6415,13
6416,13
6417,13
6418,13
6419,13
6420,13
6421,13
6422,13
6423,13
6424,13
6425,13
6426,13
6427,13
6428,13
6429,13
6430,13
6431,13
6432,13
6433,13
6434,13
6435,13
6436,13
6437,13
6438,13
6439,13
6440,13
6441,13
6442,13
6443,13
6444,13
6445,13
6446,13
6447,13
6448,13
6449,13
6450,13
6451,13
6452,13
6453,13
6454,13
6455,13
6456,13
6457,13
6458,13
6459,13
6460,13
6461,13
6462,13
6463,13
6464,13
6465,13
6466,13
6467,13
6468,13
6469,13
6470,13
6471,13
6472,13
6473,13
6474,13
6475,13
6476,13
6477,13
6478,13
6479,13
6480,13
6481,13
6482,13
6483,13
6484,13
6485,13
6486,13
6487,13
6488,13
6489,13
6490,13
6491,13
6492,13
6493,13
6494,13
6495,13
6496,13
6497,13
6498,13
6499,13
6500,13
6501,13
6502,13
6503,13
6504,13
6505,13
6506,13
6507,13
6508,13
6509,13
6510,13
6511,13
6512,13
6513,13
6514,13
6515,13
6516,13
6517,13
6518,13
6519,13
6520,13
6521,13
6522,13
6523,13
6524,13
6525,13
6526,13
6527,13
6528,13
6529,13
6530,13
6531,13
6532,13
6533,13
6534,13
6535,13
6536,13
6537,13
6538,13
6539,13
6540,13
6541,13
6542,13
6543,13
6544,13
6545,13
6546,13
6547,13
6548,13
6549,13
6550,13
6551,13
6552,13
6553,13
6554,13
6555,13
6556,13
6557,13
6558,13
6559,13
6560,13
6561,13
6562,13
6563,13
6564,13
6565,13
6566,13
6567,13
6568,13
6569,13
6570,13
6571,13
6572,13
6573,13
6574,13
6575,13
6576,13
6577,13
6578,13
6579,13
6580,13
6581,13
6582,13
6583,13
6584,13
6585,13
6586,13
6587,13
6588,13
6589,13
6590,13
6591,13
6592,13
6593,13
6594,13
6595,13
6596,13
6597,13
6598,13
6599,13
6600,13
6601,13
6602,13
6603,13
6604,13
6605,13
6606,13
6607,13
6608,13
6609,13
6610,13
6611,13
6612,13
6613,13
6614,13
6615,13
6616,13
6617,13
6618,13
6619,13
6620,13
6621,13
6622,13
6623,13
6624,13
6625,13
6626,13
6627,13
6628,13
6629,13
6630,13
6631,13
6632,13
6633,13
6634,13
6635,13
6636,13
6637,13
6638,13
6639,13
6640,13
6641,13
6642,13
6643,13
6644,13
6645,13
6646,13
6647,13
6648,13
6649,13
6650,13
6651,13
6652,13
6653,13
6654,13
6655,13
6656,13
6657,13
6658,13
6659,13
6660,13
6661,13
6662,13
6663,13
6664,13
6665,13
6666,13
6667,13
6668,13
6669,13
6670,13
6671,13
6672,13
6673,13
6674,13
6675,13
6676,13
6677,13
6678,13
6679,13
6680,13
6681,13
6682,13
6683,13
6684,13
6685,13
6686,13
6687,13
6688,13
6689,13
6690,13
6691,13
6692,13
6693,13
6694,13
6695,13
6696,13
6697,13
6698,13
6699,13
6700,13
6701,13
6702,13
6703,13
6704,13
6705,13
6706,13
6707,13
6708,13
6709,13
6710,13
6711,13
6712,13
6713,13
6714,13
6715,13
6716,13
6717,13
6718,13
6719,13
6720,13
6721,13
6722,13
6723,13
6724,13
6725,13
6726,13
6727,13
6728,13
6729,13
6730,13
6731,13
6732,13
6733,13
6734,13
6735,13
6736,13
6737,13
6738,13
6739,13
6740,13
6741,13
6742,13
6743,13
6744,13
6745,13
6746,13
6747,13
6748,13
6749,13
6750,13
6751,13
6752,13
6753,13
6754,13
6755,13
6756,13
6757,13
6758,13
6759,13
6760,13
6761,13
6762,13
6763,13
6764,13
6765,13
6766,13
6767,13
6768,13
6769,13
6770,13
6771,13
6772,13
6773,13
6774,13
6775,13
6776,13
6777,13
6778,13
6779,13
6780,13
6781,13
6782,13
6783,13
6784,13
6785,13
6786,13
6787,13
6788,13
6789,13
6790,13
6791,13
6792,13
6793,13
6794,13
6795,13
6796,13
6797,13
6798,13
6799,13
6800,13
6801,13
6802,13
6803,13
6804,13
6805,13
6806,13
6807,13
6808,13
6809,13
6810,13
6811,13
6812,13
6813,13
6814,13
6815,13
6816,13
6817,13
6818,13
6819,13
6820,13
6821,13
6822,13
6823,13
6824,13
6825,13
6826,13
6827,13
6828,13
6829,13
6830,13
6831,13
6832,13
6833,13
6834,13
6835,13
6836,13
6837,13
6838,13
6839,13
6840,13
6841,13
6842,13
6843,13
6844,13
6845,13
6846,13
6847,13
6848,13
6849,13
6850,13
6851,13
6852,13
6853,13
6854,13
6855,13
6856,13
6857,13
6858,13
6859,13
6860,13
6861,13
6862,13
6863,13
6864,13
6865,13
6866,13
6867,13
6868,13
6869,13
6870,13
6871,13
6872,13
6873,13
6874,13
6875,13
6876,13
6877,13
6878,13
6879,13
6880,13
6881,13
6882,13
6883,13
6884,13
6885,13
6886,13
6887,13
6888,13
6889,13
6890,13
6891,13
6892,13
6893,13
6894,13
6895,13
6896,13
6897,13
6898,13
6899,13
6900,13
6901,13
6902,13
6903,13
6904,13
6905,13
6906,13
6907,13
6908,13
6909,13
6910,13
6911,13
6912,13
6913,13
6914,13
6915,13
6916,13
6917,13
6918,13
6919,13
6920,13
6921,13
6922,13
6923,13
6924,13
6925,13
6926,13
6927,13
6928,13
6929,13
6930,13
6931,13
6932,13
6933,13
6934,13
6935,13
6936,13
6937,13
6938,13
6939,13
6940,13
6941,13
6942,13
6943,13
6944,13
6945,13
6946,13
6947,13
6948,13
6949,13
6950,13
6951,13
6952,13
6953,13
6954,13
6955,13
6956,13
6957,13
6958,13
6959,13
6960,13
6961,13
6962,13
6963,13
6964,13
6965,13
6966,13
6967,13
6968,13
6969,13
6970,13
6971,13
6972,13
6973,13
6974,13
6975,13
6976,13
6977,13
6978,13
6979,13
6980,13
6981,13
6982,13
6983,13
6984,13
6985,13
6986,13
6987,13
6988,13
6989,13
6990,13
6991,13
6992,13
6993,13
6994,13
6995,13
6996,13
6997,13
6998,13
6999,13
7000,13
7001,13
7002,13
7003,13
7004,13
7005,13
7006,13
7007,13
7008,13
7009,13
7010,13
7011,13
7012,13
7013,13
7014,13
7015,13
7016,13
7017,13
7018,13
7019,13
7020,13
7021,13
7022,13
7023,13
7024,13
7025,13
7026,13
7027,13
7028,13
7029,13
7030,13
7031,13
7032,13
7033,13
7034,13
7035,13
7036,13
7037,13
7038,13
7039,13
7040,13
7041,13
7042,13
7043,13
7044,13
7045,13
7046,13
7047,13
7048,13
7049,13
7050,13
7051,13
7052,13
7053,13
7054,13
7055,13
7056,13
7057,13
7058,13
7059,13
7060,13
7061,13
7062,13
7063,13
7064,13
7065,13
7066,13
7067,13
7068,13
7069,13
7070,13
7071,13
7072,13
7073,13
7074,13
7075,13
7076,13
7077,13
7078,13
7079,13
7080,13
7081,13
7082,13
7083,13
7084,13
7085,13
7086,13
7087,13
7088,13
7089,13
7090,13
7091,13
7092,13
7093,12
7094,12
7095,12
7096,12
7097,12
7098,12
7099,12
7100,12
7101,12
7102,12
7103,12
7104,12
7105,12
7106,12
7107,12
7108,12
7109,12
7110,12
7111,12
7112,12
7113,12
7114,12
7115,12
7116,12
7117,12
7118,12
7119,12
7120,12
7121,12
7122,12
7123,12
7124,12
7125,12
7126,12
7127,12
7128,12
7129,12
7130,12
7131,12
7132,12
7133,12
7134,12
7135,12
7136,12
7137,12
7138,12
7139,12
7140,12
7141,12
7142,12
7143,12
7144,12
7145,12
7146,12
7147,12
7148,12
7149,12
7150,12
7151,12
7152,12
7153,12
7154,12
7155,12
7156,12
7157,12
7158,12
7159,12
7160,12
7161,12
7162,12
7163,12
7164,12
7165,12
7166,12
7167,12
7168,12
7169,12
7170,12
7171,12
7172,12
7173,12
7174,12
7175,12
7176,12
7177,12
7178,12
7179,12
7180,12
7181,12
7182,12
7183,12
7184,12
7185,12
7186,12
7187,12
7188,12
7189,12
7190,12
7191,12
7192,12
7193,12
7194,12
7195,12
7196,12
7197,12
7198,12
7199,12
7200,12
7201,12
7202,12
7203,12
7204,12
7205,12
7206,12
7207,12
7208,12
7209,12
7210,12
7211,12
7212,12
7213,12
7214,12
7215,12
7216,12
7217,12
7218,12
7219,12
7220,12
7221,12
7222,12
7223,12
7224,12
7225,12
7226,12
7227,12
7228,12
7229,12
7230,12
7231,12
7232,12
7233,12
7234,12
7235,12
7236,12
7237,12
7238,12
7239,12
7240,12
7241,12
7242,12
7243,12
7244,12
7245,12
7246,12
7247,12
7248,12
7249,12
7250,12
7251,12
7252,12
7253,12
7254,12
7255,12
7256,12
7257,12
7258,12
7259,12
7260,12
7261,12
7262,12
7263,12
7264,12
7265,12
7266,12
7267,12
7268,12
7269,12
7270,12
7271,12
7272,12
7273,12
7274,12
7275,12
7276,12
7277,12
7278,12
7279,12
7280,12
7281,12
7282,12
7283,12
7284,12
7285,12
7286,12
7287,12
7288,12
7289,12
7290,12
7291,12
7292,12
7293,12
7294,12
7295,12
7296,12
7297,12
7298,12
7299,12
7300,12
7301,12
7302,12
7303,12
7304,12
7305,12
7306,12
7307,12
7308,12
7309,12
7310,12
7311,12
7312,12
7313,12
7314,12
7315,12
7316,12
7317,12
7318,12
7319,12
7320,12
7321,12
7322,12
7323,12
7324,12
7325,12
7326,12
7327,12
7328,12
7329,12
7330,12
7331,12
7332,12
7333,12
7334,12
7335,12
7336,12
7337,11
7338,11
7339,11
7340,11
7341,11
7342,11
7343,11
7344,11
7345,11
7346,11
7347,11
7348,11
7349,11
7350,11
7351,11
7352,11
7353,11
7354,11
7355,11
7356,11
7357,11
7358,11
7359,11
7360,11
7361,11
7362,11
7363,11
7364,11
7365,11
7366,11
7367,11
7368,11
7369,11
7370,11
7371,11
7372,11
7373,11
7374,11
7375,11
7376,11
7377,11
7378,11
7379,11
7380,11
7381,11
7382,11
7383,11
7384,11
7385,11
7386,11
7387,11
7388,11
7389,11
7390,11
7391,11
7392,11
7393,11
7394,11
7395,11
7396,11
7397,11
7398,11
7399,11
7400,11
7401,11
7402,11
7403,11
7404,11
7405,11
7406,11
7407,11
7408,11
7409,11
7410,11
7411,11
7412,11
7413,11
7414,11
7415,11
7416,11
7417,11
7418,11
7419,11
7420,11
7421,11
7422,11
7423,11
7424,11
7425,11
7426,11
7427,11
7428,11
7429,11
7430,11
7431,11
7432,11
7433,11
7434,11
7435,11
7436,11
7437,11
7438,11
7439,11
7440,11
7441,11
7442,11
7443,11
7444,11
7445,11
7446,11
7447,11
7448,11
7449,11
7450,11
7451,11
7452,11
7453,11
7454,11
7455,11
7456,11
7457,11
7458,11
7459,11
7460,11
7461,11
7462,11
7463,11
7464,11
7465,11
7466,11
7467,11
7468,11
7469,11
7470,11
7471,11
7472,11
7473,11
7474,11
7475,11
7476,11
7477,11
7478,11
7479,11
7480,11
7481,11
7482,11
7483,11
7484,11
7485,11
7486,11
7487,11
7488,11
7489,11
7490,11
7491,11
7492,11
7493,11
7494,11
7495,11
7496,11
7497,11
7498,11
7499,11
7500,11
7501,11
7502,11
7503,11
7504,11
7505,11
7506,11
7507,11
7508,11
7509,11
7510,11
7511,11
7512,11
7513,11
7514,11
7515,11
7516,11
7517,11
7518,11
7519,11
7520,11
7521,11
7522,11
7523,11
7524,11
7525,11
7526,11
7527,11
7528,11
7529,11
7530,11
7531,11
7532,11
7533,11
7534,11
7535,11
7536,11
7537,11
7538,11
7539,11
7540,11
7541,11
7542,11
7543,11
7544,11
7545,11
7546,11
7547,11
7548,11
7549,11
7550,11
7551,11
7552,11
7553,11
7554,11
7555,11
7556,11
7557,11
7558,11
7559,11
7560,11
7561,11
7562,11
7563,11
7564,11
7565,11
7566,11
7567,11
7568,11
7569,11
7570,11
7571,11
7572,11
7573,11
7574,11
7575,11
7576,11
7577,11
7578,11
7579,11
7580,11
7581,11
7582,11
7583,11
7584,11
7585,11
7586,11
7587,11
7588,11
7589,11
7590,11
7591,11
7592,11
7593,11
7594,11
7595,11
7596,11
7597,11
7598,11
7599,11
7600,11
7601,11
7602,11
7603,11
7604,11
7605,11
7606,11
7607,11
7608,11
7609,11
7610,11
7611,11
7612,11
7613,11
7614,11
7615,11
7616,11
7617,11
7618,11
7619,11
7620,11
7621,11
7622,11
7623,11
7624,11
7625,11
7626,11
7627,11
7628,11
7629,11
7630,11
7631,11
7632,11
7633,11
7634,11
7635,11
7636,11
7637,11
7638,11
7639,11
7640,11
7641,11
7642,11
7643,11
7644,11
7645,11
7646,11
7647,11
7648,11
7649,11
7650,11
7651,11
7652,11
7653,11
7654,11
7655,11
7656,11
7657,11
7658,11
7659,11
7660,11
7661,11
7662,11
7663,11
7664,11
7665,11
7666,11
7667,11
7668,11
7669,11
7670,11
7671,11
7672,11
7673,11
7674,11
7675,11
7676,11
7677,11
7678,11
7679,11
7680,11
7681,11
7682,11
7683,11
7684,11
7685,11
7686,11
7687,11
7688,11
7689,11
7690,11
7691,11
7692,11
7693,11
7694,11
7695,11
7696,11
7697,11
7698,11
7699,11
7700,11
7701,11
7702,11
7703,11
7704,11
7705,11
7706,11
7707,11
7708,11
7709,11
7710,11
7711,11
7712,11
7713,11
7714,11
7715,11
7716,11
7717,11
7718,11
7719,11
7720,11
7721,11
7722,11
7723,11
7724,11
7725,11
7726,11
7727,11
7728,11
7729,11
7730,11
7731,11
7732,11
7733,11
7734,11
7735,11
7736,11
7737,11
7738,11
7739,11
7740,11
7741,11
7742,11
7743,11
7744,11
7745,11
7746,11
7747,11
7748,11
7749,11
7750,11
7751,11
7752,11
7753,11
7754,11
7755,11
7756,11
7757,11
7758,11
7759,11
7760,11
7761,11
7762,11
7763,11
7764,11
7765,11
7766,11
7767,11
7768,11
7769,11
7770,11
7771,11
7772,11
7773,11
7774,11
7775,11
7776,11
7777,11
7778,11
7779,11
7780,11
7781,11
7782,11
7783,11
7784,11
7785,11
7786,11
7787,11
7788,11
7789,11
7790,11
7791,11
7792,11
7793,11
7794,11
7795,11
7796,11
7797,11
7798,11
7799,11
7800,11
7801,11
7802,11
7803,11
7804,11
7805,11
7806,11
7807,11
7808,11
7809,11
7810,11
7811,11
7812,11
7813,11
7814,11
7815,11
7816,11
7817,11
7818,11
7819,11
7820,11
7821,11
7822,11
7823,11
7824,11
7825,11
7826,11
7827,11
7828,11
7829,11
7830,11
7831,11
7832,11
7833,11
7834,11
7835,11
7836,11
7837,11
7838,11
7839,11
7840,11
7841,11
7842,11
7843,11
7844,11
7845,11
7846,11
7847,11
7848,11
7849,11
7850,11
7851,11
7852,11
7853,11
7854,11
7855,11
7856,11
7857,11
7858,11
7859,11
7860,11
7861,11
7862,11
7863,11
7864,11
7865,11
7866,11
7867,11
7868,11
7869,11
7870,11
7871,11
7872,11
7873,11
7874,11
7875,11
7876,11
7877,11
7878,11
7879,11
7880,11
7881,11
7882,11
7883,11
7884,11
7885,11
7886,11
7887,11
7888,11
7889,11
7890,11
7891,11
7892,11
7893,11
7894,11
7895,11
7896,11
7897,11
7898,11
7899,11
7900,11
7901,11
7902,11
7903,11
7904,11
7905,11
7906,11
7907,11
7908,11
7909,11
7910,11
7911,11
7912,11
7913,11
7914,11
7915,11
7916,11
7917,11
7918,11
7919,11
7920,11
7921,11
7922,11
7923,11
7924,11
7925,11
7926,11
7927,11
7928,11
7929,11
7930,11
7931,11
7932,11
7933,11
7934,11
7935,11
7936,11
7937,11
7938,11
7939,11
7940,11
7941,11
7942,11
7943,11
7944,11
7945,11
7946,11
7947,11
7948,11
7949,11
7950,11
7951,11
7952,11
7953,11
7954,11
7955,11
7956,11
7957,11
7958,11
7959,11
7960,11
7961,11
7962,11
7963,11
7964,11
7965,11
7966,11
7967,11
7968,11
7969,11
7970,11
7971,11
7972,11
7973,11
7974,11
7975,11
7976,11
7977,11
7978,11
7979,11
7980,11
7981,11
7982,11
7983,11
7984,11
7985,11
7986,11
7987,11
7988,11
7989,11
7990,11
7991,11
7992,11
7993,11
7994,11
7995,11
7996,11
7997,11
7998,11
7999,11
8000,11
8001,11
8002,11
8003,11
8004,11
8005,11
8006,11
8007,11
8008,11
8009,11
8010,11
8011,11
8012,11
8013,11
8014,11
8015,11
8016,11
8017,11
8018,11
8019,11
8020,11
8021,11
8022,11
8023,11
8024,11
8025,11
8026,11
8027,11
8028,11
8029,11
8030,11
8031,11
8032,11
8033,11
8034,11
8035,11
8036,11
8037,11
8038,11
8039,11
8040,11
8041,11
8042,11
8043,11
8044,11
8045,11
8046,11
8047,11
8048,11
8049,11
8050,11
8051,11
8052,11
8053,11
8054,11
8055,11
8056,11
8057,11
8058,11
8059,11
8060,11
8061,11
8062,11
8063,11
8064,11
8065,11
8066,11
8067,11
8068,11
8069,11
8070,11
8071,11
8072,11
8073,11
8074,11
8075,11
8076,11
8077,11
8078,11
8079,11
8080,11
8081,11
8082,11
8083,11
8084,11
8085,11
8086,11
8087,11
8088,11
8089,11
8090,11
8091,11
8092,11
8093,11
8094,11
8095,11
8096,11
8097,11
8098,11
8099,11
8100,11
8101,11
8102,11
8103,11
8104,11
8105,11
8106,11
8107,11
8108,11
8109,11
8110,11
8111,11
8112,11
8113,11
8114,11
8115,11
8116,11
8117,11
8118,11
8119,11
8120,11
8121,11
8122,11
8123,11
8124,11
8125,11
8126,11
8127,11
8128,11
8129,11
8130,11
8131,11
8132,11
8133,11
8134,11
8135,11
8136,11
8137,11
8138,11
8139,11
8140,11
8141,11
8142,11
8143,11
8144,11
8145,11
8146,11
8147,11
8148,11
8149,11
8150,11
8151,11
8152,11
8153,11
8154,11
8155,11
8156,11
8157,11
8158,11
8159,11
8160,11
8161,11
8162,11
8163,11
8164,11
8165,11
8166,11
8167,11
8168,11
8169,11
8170,11
8171,11
8172,11
8173,11
8174,11
8175,11
8176,11
8177,11
8178,11
8179,11
8180,11
8181,11
8182,11
8183,11
8184,11
8185,11
8186,11
8187,11
8188,11
8189,11
8190,11
8191,11
8192,11
8193,11
8194,11
8195,11
8196,11
8197,11
8198,11
8199,11
8200,11
8201,11
8202,11
8203,11
8204,11
8205,11
8206,11
8207,11
8208,11
8209,11
8210,11
8211,11
8212,11
8213,11
8214,11
8215,11
8216,11
8217,11
8218,11
8219,11
8220,11
8221,11
8222,11
8223,11
8224,11
8225,11
8226,11
8227,11
8228,11
8229,11
8230,11
8231,11
8232,11
8233,11
8234,11
8235,11
8236,11
8237,11
8238,11
8239,11
8240,11
8241,11
8242,11
8243,11
8244,11
8245,11
8246,11
8247,11
8248,11
8249,11
8250,11
8251,11
8252,11
8253,11
8254,11
8255,11
8256,11
8257,11
8258,11
8259,11
8260,11
8261,11
8262,11
8263,11
8264,11
8265,11
8266,11
8267,11
8268,11
8269,11
8270,11
8271,11
8272,11
8273,11
8274,11
8275,11
8276,11
8277,11
8278,11
8279,11
8280,11
8281,11
8282,11
8283,11
8284,11
8285,11
8286,11
8287,11
8288,11
8289,11
8290,11
8291,11
8292,11
8293,11
8294,11
8295,11
8296,11
8297,11
8298,11
8299,11
8300,11
8301,11
8302,11
8303,11
8304,11
8305,11
8306,11
8307,11
8308,11
8309,11
8310,11
8311,11
8312,11
8313,11
8314,11
8315,11
8316,11
8317,11
8318,11
8319,11
8320,11
8321,11
8322,11
8323,11
8324,11
8325,11
8326,11
8327,11
8328,11
8329,11
8330,11
8331,11
8332,11
8333,11
8334,11
8335,11
8336,11
8337,11
8338,11
8339,11
8340,11
8341,11
8342,11
8343,11
8344,11
8345,11
8346,11
8347,11
8348,11
8349,11
8350,11
8351,11
8352,11
8353,11
8354,11
8355,11
8356,11
8357,11
8358,11
8359,11
8360,11
8361,11
8362,11
8363,11
8364,11
8365,11
8366,11
8367,11
8368,11
8369,11
8370,11
8371,11
8372,11
8373,11
8374,11
8375,11
8376,11
8377,11
8378,11
8379,11
8380,11
8381,11
8382,11
8383,11
8384,11
8385,11
8386,11
8387,11
8388,11
8389,11
8390,11
8391,11
8392,11
8393,11
8394,11
8395,11
8396,11
8397,11
8398,11
8399,11
8400,11
8401,11
8402,11
8403,11
8404,11
8405,11
8406,11
8407,11
8408,11
8409,11
8410,11
8411,11
8412,11
8413,11
8414,11
8415,11
8416,11
8417,11
8418,11
8419,11
8420,11
8421,11
8422,11
8423,11
8424,11
8425,11
8426,11
8427,11
8428,11
8429,11
8430,11
8431,11
8432,11
8433,11
8434,11
8435,11
8436,11
8437,11
8438,11
8439,11
8440,11
8441,11
8442,11
8443,11
8444,11
8445,11
8446,11
8447,11
8448,11
8449,11
8450,11
8451,11
8452,11
8453,11
8454,11
8455,11
8456,11
8457,11
8458,11
8459,11
8460,11
8461,11
8462,11
8463,11
8464,11
8465,11
8466,11
8467,11
8468,11
8469,11
8470,11
8471,11
8472,11
8473,11
8474,11
8475,11
8476,11
8477,11
8478,11
8479,11
8480,11
8481,11
8482,11
8483,11
8484,11
8485,11
8486,11
8487,11
8488,11
8489,11
8490,11
8491,11
8492,11
8493,11
8494,11
8495,11
8496,11
8497,11
8498,11
8499,11
8500,11
8501,11
8502,11
8503,11
8504,11
8505,11
8506,11
8507,11
8508,11
8509,11
8510,11
8511,11
8512,11
8513,11
8514,11
8515,11
8516,11
8517,11
8518,11
8519,11
8520,11
8521,11
8522,11
8523,11
8524,11
8525,11
8526,11
8527,11
8528,11
8529,11
8530,11
8531,11
8532,11
8533,11
8534,11
8535,11
8536,11
8537,11
8538,11
8539,11
8540,11
8541,11
8542,11
8543,11
8544,11
8545,11
8546,11
8547,11
8548,11
8549,11
8550,11
8551,11
8552,11
8553,11
8554,11
8555,11
8556,11
8557,11
8558,11
8559,11
8560,11
8561,11
8562,11
8563,11
8564,11
8565,11
8566,11
8567,11
8568,11
8569,11
8570,11
8571,11
8572,11
8573,11
8574,11
8575,11
8576,11
8577,11
8578,11
8579,11
8580,11
8581,11
8582,11
8583,11
8584,11
8585,11
8586,11
8587,11
8588,11
8589,11
8590,11
8591,11
8592,11
8593,11
8594,11
8595,11
8596,11
8597,11
8598,11
8599,11
8600,11
8601,11
8602,11
8603,11
8604,11
8605,11
8606,11
8607,11
8608,11
8609,11
8610,11
8611,11
8612,11
8613,11
8614,11
8615,11
8616,11
8617,11
8618,11
8619,11
8620,11
8621,11
8622,11
8623,11
8624,11
8625,11
8626,11
8627,11
8628,11
8629,11
8630,11
8631,11
8632,11
8633,11
8634,11
8635,11
8636,11
8637,11
8638,11
8639,11
8640,11
8641,11
8642,11
8643,11
8644,11
8645,11
8646,11
8647,11
8648,11
8649,11
8650,11
8651,11
8652,11
8653,11
8654,11
8655,11
8656,11
8657,11
8658,11
8659,11
8660,11
8661,11
8662,11
8663,11
8664,11
8665,11
8666,11
8667,11
8668,11
8669,11
8670,11
8671,11
8672,11
8673,11
8674,11
8675,11
8676,11
8677,11
8678,11
8679,11
8680,11
8681,11
8682,11
8683,11
8684,11
8685,11
8686,11
8687,11
8688,11
8689,11
8690,11
8691,11
8692,11
8693,11
8694,11
8695,11
8696,11
8697,11
8698,11
8699,11
8700,11
8701,11
8702,11
8703,11
8704,11
8705,11
8706,11
8707,11
8708,11
8709,11
8710,11
8711,11
8712,11
8713,11
8714,11
8715,11
8716,11
8717,11
8718,11
8719,11
8720,11
8721,11
8722,11
8723,11
8724,11
8725,11
8726,11
8727,11
8728,11
8729,11
8730,11
8731,11
8732,11
8733,11
8734,11
8735,11
8736,11
8737,11
8738,11
8739,11
8740,11
8741,11
8742,11
8743,11
8744,11
8745,11
8746,11
8747,11
8748,11
8749,11
8750,11
8751,11
8752,11
8753,11
8754,11
8755,11
8756,11
8757,11
8758,11
8759,11
8760,11
8761,11
8762,11
8763,11
8764,11
8765,11
8766,11
8767,11
8768,11
8769,11
8770,11
8771,11
8772,11
8773,11
8774,11
8775,11
8776,11
8777,11
8778,11
8779,11
8780,11
8781,11
8782,11
8783,11
8784,11
8785,11
8786,11
8787,11
8788,11
8789,11
8790,11
8791,11
8792,11
8793,11
8794,11
8795,11
8796,11
8797,11
8798,11
8799,11
8800,11
8801,11
8802,11
8803,11
8804,11
8805,11
8806,11
8807,11
8808,11
8809,11
8810,11
8811,11
8812,11
8813,11
8814,11
8815,11
8816,11
8817,11
8818,11
8819,11
8820,11
8821,11
8822,11
8823,11
8824,11
8825,11
8826,11
8827,11
8828,11
8829,11
8830,11
8831,11
8832,11
8833,11
8834,11
8835,11
8836,11
8837,11
8838,11
8839,11
8840,11
8841,11
8842,11
8843,11
8844,11
8845,11
8846,11
8847,11
8848,11
8849,11
8850,11
8851,11
8852,11
8853,11
8854,11
8855,11
8856,11
8857,11
8858,11
8859,11
8860,11
8861,11
8862,11
8863,11
8864,11
8865,11
8866,11
8867,11
8868,11
8869,11
8870,11
8871,11
8872,11
8873,11
8874,11
8875,11
8876,11
8877,11
8878,11
8879,11
8880,11
8881,11
8882,11
8883,11
8884,11
8885,11
8886,11
8887,11
8888,11
8889,11
8890,11
8891,11
8892,11
8893,11
8894,11
8895,11
8896,11
8897,11
8898,11
8899,11
8900,11
8901,11
8902,11
8903,11
8904,11
8905,11
8906,11
8907,11
8908,11
8909,11
8910,11
8911,11
8912,11
8913,11
8914,11
8915,11
8916,11
8917,11
8918,11
8919,11
8920,11
8921,11
8922,11
8923,11
8924,11
8925,11
8926,11
8927,11
8928,11
8929,11
8930,11
8931,11
8932,11
8933,11
8934,11
8935,11
8936,11
8937,11
8938,11
8939,11
8940,11
8941,11
8942,11
8943,11
8944,11
8945,11
8946,11
8947,11
8948,11
8949,11
8950,11
8951,11
8952,11
8953,11
8954,11
8955,11
8956,11
8957,11
8958,11
8959,11
8960,11
8961,11
8962,11
8963,11
8964,11
8965,11
8966,11
8967,11
8968,11
8969,11
8970,11
8971,11
8972,11
8973,11
8974,11
8975,11
8976,11
8977,11
8978,11
8979,11
8980,11
8981,11
8982,11
8983,11
8984,11
8985,11
8986,11
8987,11
8988,11
8989,11
8990,11
8991,11
8992,11
8993,11
8994,11
8995,11
8996,11
8997,11
8998,11
8999,11
9000,11
9001,11
9002,11
9003,11
9004,11
9005,11
9006,11
9007,11
9008,11
9009,11
9010,11
9011,11
9012,11
9013,11
9014,11
9015,11
9016,11
9017,11
9018,11
9019,11
9020,11
9021,11
9022,11
9023,11
9024,11
9025,11
9026,11
9027,11
9028,11
9029,11
9030,11
9031,11
9032,11
9033,11
9034,11
9035,11
9036,11
9037,11
9038,11
9039,11
9040,11
9041,11
9042,11
9043,11
9044,11
9045,11
9046,11
9047,11
9048,11
9049,11
9050,11
9051,11
9052,11
9053,11
9054,11
9055,11
9056,11
9057,11
9058,11
9059,11
9060,11
9061,11
9062,11
9063,11
9064,11
9065,11
9066,11
9067,11
9068,11
9069,11
9070,11
9071,11
9072,11
9073,11
9074,11
9075,11
9076,11
9077,11
9078,11
9079,11
9080,11
9081,11
9082,11
9083,11
9084,11
9085,11
9086,11
9087,11
9088,11
9089,11
9090,11
9091,11
9092,11
9093,11
9094,11
9095,11
9096,11
9097,11
9098,11
9099,11
9100,11
9101,11
9102,11
9103,11
9104,11
9105,11
9106,11
9107,11
9108,11
9109,11
9110,11
9111,11
9112,11
9113,11
9114,11
9115,11
9116,11
9117,11
9118,11
9119,11
9120,11
9121,11
9122,11
9123,11
9124,11
9125,11
9126,11
9127,11
9128,11
9129,11
9130,11
9131,11
9132,11
9133,11
9134,11
9135,11
9136,11
9137,11
9138,11
9139,11
9140,11
9141,11
9142,11
9143,11
9144,11
9145,11
9146,11
9147,11
9148,11
9149,11
9150,11
9151,11
9152,11
9153,11
9154,11
9155,11
9156,11
9157,11
9158,11
9159,11
9160,11
9161,11
9162,11
9163,11
9164,11
9165,11
9166,11
9167,11
9168,11
9169,11
9170,11
9171,11
9172,11
9173,11
9174,11
9175,11
9176,11
9177,11
9178,11
9179,11
9180,11
9181,11
9182,11
9183,11
9184,11
9185,11
9186,11
9187,11
9188,11
9189,11
9190,11
9191,11
9192,11
9193,11
9194,11
9195,11
9196,11
9197,11
9198,11
9199,11
9200,11
9201,11
9202,11
9203,11
9204,11
9205,11
9206,11
9207,11
9208,11
9209,11
9210,11
9211,11
9212,11
9213,11
9214,11
9215,11
9216,11
9217,11
9218,11
9219,11
9220,11
9221,11
9222,11
9223,11
9224,11
9225,11
9226,11
9227,11
9228,11
9229,11
9230,11
9231,11
9232,11
9233,11
9234,11
9235,11
9236,11
9237,11
9238,11
9239,11
9240,11
9241,11
9242,11
9243,11
9244,11
9245,11
9246,11
9247,11
9248,11
9249,11
9250,11
9251,11
9252,11
9253,11
9254,11
9255,11
9256,11
9257,11
9258,11
9259,11
9260,11
9261,11
9262,11
9263,11
9264,11
9265,11
9266,11
9267,11
9268,11
9269,11
9270,11
9271,11
9272,11
9273,11
9274,11
9275,11
9276,11
9277,11
9278,11
9279,11
9280,11
9281,11
9282,11
9283,11
9284,11
9285,11
9286,11
9287,11
9288,11
9289,11
9290,11
9291,11
9292,11
9293,11
9294,11
9295,11
9296,11
9297,11
9298,11
9299,11
9300,11
9301,11
9302,11
9303,11
9304,11
9305,11
9306,11
9307,11
9308,11
9309,11
9310,11
9311,11
9312,11
9313,11
9314,11
9315,11
9316,11
9317,11
9318,11
9319,11
9320,11
9321,11
9322,11
9323,11
9324,11
9325,11
9326,11
9327,11
9328,11
9329,11
9330,11
9331,11
9332,11
9333,11
9334,11
9335,11
9336,11
9337,11
9338,11
9339,11
9340,11
9341,11
9342,11
9343,11
9344,11
9345,11
9346,11
9347,11
9348,11
9349,11
9350,11
9351,11
9352,11
9353,11
9354,11
9355,11
9356,11
9357,11
9358,11
9359,11
9360,11
9361,11
9362,11
9363,11
9364,11
9365,11
9366,11
9367,11
9368,11
9369,11
9370,11
9371,11
9372,11
9373,11
9374,11
9375,11
9376,11
9377,11
9378,11
9379,11
9380,11
9381,11
9382,11
9383,11
9384,11
9385,11
9386,11
9387,11
9388,11
9389,11
9390,11
9391,11
9392,11
9393,11
9394,11
9395,11
9396,11
9397,11
9398,11
9399,11
9400,11
9401,11
9402,11
9403,11
9404,11
9405,11
9406,11
9407,11
9408,11
9409,11
9410,11
9411,11
9412,11
9413,11
9414,11
9415,11
9416,11
9417,11
9418,11
9419,11
9420,11
9421,11
9422,11
9423,11
9424,11
9425,11
9426,11
9427,11
9428,11
9429,11
9430,11
9431,11
9432,11
9433,11
9434,11
9435,11
9436,11
9437,11
9438,11
9439,11
9440,11
9441,11
9442,11
9443,11
9444,11
9445,11
9446,11
9447,11
9448,11
9449,11
9450,11
9451,11
9452,11
9453,11
9454,11
9455,11
9456,11
9457,11
9458,11
9459,11
9460,11
9461,11
9462,11
9463,11
9464,11
9465,11
9466,11
9467,11
9468,11
9469,11
9470,11
9471,11
9472,11
9473,11
9474,11
9475,11
9476,11
9477,11
9478,11
9479,11
9480,11
9481,11
9482,11
9483,11
9484,11
9485,11
9486,11
9487,11
9488,11
9489,11
9490,11
9491,11
9492,11
9493,11
9494,11
9495,11
9496,11
9497,11
9498,11
9499,11
9500,11
9501,11
9502,11
9503,11
9504,11
9505,11
9506,11
9507,11
9508,11
9509,11
9510,11
9511,11
9512,11
9513,11
9514,11
9515,11
9516,11
9517,11
9518,11
9519,11
9520,11
9521,11
9522,11
9523,11
9524,11
9525,11
9526,11
9527,11
9528,11
9529,11
9530,11
9531,11
9532,11
9533,11
9534,11
9535,11
9536,11
9537,11
9538,11
9539,11
9540,11
9541,11
9542,11
9543,11
9544,11
9545,11
9546,11
9547,11
9548,11
9549,11
9550,11
9551,11
9552,11
9553,11
9554,11
9555,11
9556,11
9557,11
9558,11
9559,11
9560,11
9561,11
9562,11
9563,11
9564,11
9565,11
9566,11
9567,11
9568,11
9569,11
9570,11
9571,11
9572,11
9573,11
9574,11
9575,11
9576,11
9577,11
9578,11
9579,11
9580,11
9581,11
9582,11
9583,11
9584,11
9585,11
9586,11
9587,11
9588,11
9589,11
9590,11
9591,11
9592,11
9593,11
9594,11
9595,11
9596,11
9597,11
9598,11
9599,11
9600,11
9601,11
9602,11
9603,11
9604,11
9605,11
9606,11
9607,11
9608,11
9609,11
9610,11
9611,11
9612,11
9613,11
9614,11
9615,11
9616,11
9617,11
9618,11
9619,11
9620,11
9621,11
9622,11
9623,11
9624,11
9625,11
9626,11
9627,11
9628,11
9629,11
9630,11
9631,11
9632,11
9633,11
9634,11
9635,11
9636,11
9637,11
9638,11
9639,11
9640,11
9641,11
9642,11
9643,11
9644,11
9645,11
9646,11
9647,11
9648,11
9649,11
9650,11
9651,11
9652,11
9653,11
9654,11
9655,11
9656,11
9657,11
9658,11
9659,11
9660,11
9661,11
9662,11
9663,11
9664,11
9665,11
9666,11
9667,11
9668,11
9669,11
9670,11
9671,11
9672,11
9673,11
9674,11
9675,11
9676,11
9677,11
9678,11
9679,11
9680,11
9681,11
9682,11
9683,11
9684,11
9685,11
9686,11
9687,11
9688,11
9689,11
9690,11
9691,11
9692,11
9693,11
9694,11
9695,11
9696,11
9697,11
9698,11
9699,11
9700,11
9701,11
9702,11
9703,11
9704,11
9705,11
9706,11
9707,11
9708,11
9709,11
9710,11
9711,11
9712,11
9713,11
9714,11
9715,11
9716,11
9717,11
9718,11
9719,11
9720,11
9721,11
9722,11
9723,11
9724,11
9725,11
9726,11
9727,11
9728,11
9729,11
9730,11
9731,11
9732,11
9733,11
9734,11
9735,11
9736,11
9737,11
9738,11
9739,11
9740,11
9741,11
9742,11
9743,11
9744,11
9745,11
9746,11
9747,11
9748,11
9749,11
9750,11
9751,11
9752,11
9753,11
9754,11
9755,11
9756,11
9757,11
9758,11
9759,11
9760,11
9761,11
9762,11
9763,11
9764,11
9765,11
9766,11
9767,11
9768,11
9769,11
9770,11
9771,11
9772,11
9773,11
9774,11
9775,11
9776,11
9777,11
9778,11
9779,11
9780,11
9781,11
9782,11
9783,11
9784,11
9785,11
9786,11
9787,11
9788,11
9789,11
9790,11
9791,11
9792,11
9793,11
9794,11
9795,11
9796,11
9797,11
9798,11
9799,11
9800,11
9801,11
9802,11
9803,11
9804,11
9805,11
9806,11
9807,11
9808,11
9809,11
9810,11
9811,11
9812,11
9813,11
9814,11
9815,11
9816,11
9817,11
9818,11
9819,11
9820,11
9821,11
9822,11
9823,11
9824,11
9825,11
9826,11
9827,11
9828,11
9829,11
9830,11
9831,11
9832,11
9833,11
9834,11
9835,11
9836,11
9837,11
9838,11
9839,11
9840,11
9841,11
9842,11
9843,11
9844,11
9845,11
9846,11
9847,11
9848,11
9849,11
9850,11
9851,11
9852,11
9853,11
9854,11
9855,11
9856,11
9857,11
9858,11
9859,11
9860,11
9861,11
9862,11
9863,11
9864,11
9865,11
9866,11
9867,11
9868,11
9869,11
9870,11
9871,11
9872,11
9873,11
9874,11
9875,11
9876,11
9877,11
9878,11
9879,11
9880,11
9881,11
9882,11
9883,11
9884,11
9885,11
9886,11
9887,11
9888,11
9889,11
9890,11
9891,11
9892,11
9893,11
9894,11
9895,11
9896,11
9897,11
9898,11
9899,11
9900,11
9901,11
9902,11
9903,11
9904,11
9905,11
9906,11
9907,11
9908,11
9909,11
9910,11
9911,11
9912,11
9913,11
9914,11
9915,11
9916,11
9917,11
9918,11
9919,11
9920,11
9921,11
9922,11
9923,11
9924,11
9925,11
9926,11
9927,11
9928,11
9929,11
9930,11
9931,11
9932,11
9933,11
9934,11
9935,11
9936,11
9937,11
9938,11
9939,11
9940,11
9941,11
9942,11
9943,11
9944,11
9945,11
9946,11
9947,11
9948,11
9949,11
9950,11
9951,11
9952,11
9953,11
9954,11
9955,11
9956,11
9957,11
9958,11
9959,11
9960,11
9961,11
9962,11
9963,11
9964,11
9965,11
9966,11
9967,11
9968,11
9969,11
9970,11
9971,11
9972,11
9973,11
9974,11
9975,11
9976,11
9977,11
9978,11
9979,11
9980,11
9981,11
9982,11
9983,11
9984,11
9985,11
9986,11
9987,11
9988,11
9989,11
9990,11
9991,11
9992,11
9993,11
9994,11
9995,11
9996,11
9997,11
9998,11
9999,11
